RAJ2000	DEJ2000	HR	Name	HD	VarID	Vmag	B-V	SpType
#Sagittarius
275.248750	-29.828056	6859	 19Del Sgr	168454	         	 2.70	 1.38	  K3-IIIa*
276.992500	-25.421667	6913	 22Lam Sgr	169916	         	 2.81	 1.04	  K1+IIIb
281.414167	-26.990833	7039	 27Phi Sgr	173300	         	 3.17	-0.11	  B8III
283.816250	-26.296667	7121	 34Sig Sgr	175191	         	 2.02	-0.22	  B2.5V
286.735000	-27.670556	7234	 40Tau Sgr	177716	         	 3.32	 1.19	  K1+IIIb
285.652917	-29.880278	7194	 38Zet Sgr	176687	         	 2.60	 0.08	  A2III+A4IV
276.042917	-34.384722	6879	 20Eps Sgr	169022	         	 1.85	-0.03	  B9.5III
271.255417	-29.580000	6742	   Gam1Sgr	164975	W Sgr    	 4.69	 0.78	  F4-G1Ib
275.248750	-29.828056	6859	 19Del Sgr	168454	         	 2.70	 1.38	  K3-IIIa*
281.414167	-26.990833	7039	 27Phi Sgr	173300	         	 3.17	-0.11	  B8III
285.652917	-29.880278	7194	 38Zet Sgr	176687	         	 2.60	 0.08	  A2III+A4IV
								
274.406667	-36.761667	6832	   Eta Sgr	167618	Eta Sgr  	 3.11	 1.56	  M3.5III
276.042917	-34.384722	6879	 20Eps Sgr	169022	         	 1.85	-0.03	  B9.5III
								
273.440833	-21.058889	6812	 13Mu  Sgr	166937	Mu  Sgr  	 3.86	 0.23	  B8Iap
276.992500	-25.421667	6913	 22Lam Sgr	169916	         	 2.81	 1.04	  K1+IIIb
								
275.248750	-29.828056	6859	 19Del Sgr	168454	         	 2.70	 1.38	  K3-IIIa*
276.042917	-34.384722	6879	 20Eps Sgr	169022	         	 1.85	-0.03	  B9.5III
								
#Scorpius
242.994167	-19.449722	6026	 14Nu  Sco	145501	         	 6.30	 0.13	  B8V+B9VpSi
241.359167	-19.805556	5984	  8Bet1Sco	144217	 7424    	 2.62	-0.07	  B1V
240.083333	-22.621667	5953	  7Del Sco	143275	         	 2.32	-0.12	  B0.3IV
239.712917	-26.114167	5944	  6Pi  Sco	143018	 7371    	 2.89	-0.19	  B1V+B2V
239.221250	-29.214167	5928	  5Rho Sco	142669	         	 3.88	-0.20	  B2IV-V
								
240.083333	-22.621667	5953	  7Del Sco	143275	         	 2.32	-0.12	  B0.3IV
245.297083	-25.592778	6084	 20Sig Sco	147165	Sig Sco  	 2.89	 0.13	  B1III
247.351667	-26.431944	6134	 21Alp Sco	148478	Alp Sco  	 0.96	 1.83	  M1.5Iab-Ib+B4Ve
248.970833	-28.216111	6165	 23Tau Sco	149438	         	 2.82	-0.25	  B0V
252.540833	-34.293333	6241	 26Eps Sco	151680	 7983    	 2.29	 1.15	  K2.5III
252.967500	-38.047500	6247	   Mu 1Sco	151890	Mu1 Sco  	 3.08	-0.20	  B1.5V+B6.5V
253.498750	-42.362222	6262	   Zet1Sco	152236	Zet1 Sco 	 4.73	 0.49	  B1Iape
264.330000	-42.997778	6553	   The Sco	159532	 9233    	 1.87	 0.40	  F1II
266.896250	-40.126944	6615	   Iot1Sco	161471	         	 3.03	 0.51	  F2Iae
265.622083	-39.030000	6580	   Kap Sco	160578	Kap Sco  	 2.41	-0.22	  B1.5III
263.402083	-37.103889	6527	 35Lam Sco	158926	Lam Sco  	 1.63	-0.22	  B2IV+B
267.464583	-37.043333	6630	          	161892	         	 3.21	 1.17	  K2III
265.622083	-39.030000	6580	   Kap Sco	160578	Kap Sco  	 2.41	-0.22	  B1.5III
								
#Cygnus
310.357917	+45.280278	7924	 50Alp Cyg	197345	Alp Cyg  	 1.25	 0.09	  A2Ia
305.557083	+40.256667	7796	 37Gam Cyg	194093	13048    	 2.20	 0.68	  F8Ib
292.680417	+27.959722	7417	  6Bet1Cyg	183912	12105    	 3.08	 1.13	  K3II+B9.5V
								
318.234167	+30.226944	8115	 64Zet Cyg	202109	         	 3.20	 0.99	  G8+III-IIIaBa0.6
311.552917	+33.970278	7949	 53Eps Cyg	197989	         	 2.46	 1.03	  K0-III
305.557083	+40.256667	7796	 37Gam Cyg	194093	13048    	 2.20	 0.68	  F8Ib
291.857917	+52.320556	7408	  7Iot1Cyg	183534	         	 5.75	 0.00	  A1V
289.275833	+53.368611	7328	  1Kap Cyg	181276	11886    	 3.77	 0.96	  G9III
								
#Delphinus
308.303333	+11.303333	7852	  2Eps Del	195810	13137    	 4.03	-0.13	  B6III
309.387500	+14.595278	7882	  6Bet Del	196524	         	 3.63	 0.44	  F5IV
309.909583	+15.911944	7906	  9Alp Del	196867	13207    	 3.77	-0.06	  B9IV
311.661250	+16.124444	7947	 12Gam1Del	197963	         	 5.14	 0.49	  F7V
310.864583	+15.074444	7928	 11Del Del	197461	Del Del  	 4.43	 0.32	  A7IIIpDel Del
309.387500	+14.595278	7882	  6Bet Del	196524	         	 3.63	 0.44	  F5IV
								
#Sagitta
295.024167	+18.013889	7479	  5Alp Sge	185758	         	 4.37	 0.78	  G1II
296.847083	+18.534167	7536	  7Del Sge	187076	Del Sge  	 3.82	 1.41	  M2II+A0V
299.689167	+19.492222	7635	 12Gam Sge	189319	12638    	 3.47	 1.57	  M0-III
								
295.262083	+17.476111	7488	  6Bet Sge	185958	         	 4.37	 1.05	  G8IIIaCN0.5
296.847083	+18.534167	7536	  7Del Sge	187076	Del Sge  	 3.82	 1.41	  M2II+A0V
								
#Lyra
279.234583	+38.783611	7001	  3Alp Lyr	172167	Alp Lyr  	 0.03	 0.00	  A0Va
281.200833	+37.594444	7057	  7Zet2Lyr	173649	11311    	 5.73	 0.28	  F0IV
282.520000	+33.362778	7106	 10Bet Lyr	174638	Bet Lyr  	 3.45	 0.00	  B8IIpe
284.735833	+32.689444	7178	 14Gam Lyr	176437	11624    	 3.24	-0.05	  B9III
283.431667	+36.971667	7131	 11Del1Lyr	175426	11504    	 5.58	-0.15	  B2.5V
281.200833	+37.594444	7057	  7Zet2Lyr	173649	11311    	 5.73	 0.28	  F0IV
								
279.234583	+38.783611	7001	  3Alp Lyr	172167	Alp Lyr  	 0.03	 0.00	  A0Va
281.095417	+39.613056	7053	  5Eps2Lyr	173607	11301    	 5.14	 0.19	  A8Vn
								
#Aquila
284.905833	+15.068333	7176	 13Eps Aql	176411	         	 4.02	 1.08	  K1-IIICN0.5Ba0.2
286.352500	+13.863333	7235	 17Zet Aql	177724	11724    	 2.99	 0.01	  A0Vn
291.374583	 +3.114722	7377	 30Del Aql	182640	12004    	 3.36	 0.32	  F3IV
298.118333	 +1.005556	7570	 55Eta Aql	187929	Eta Aql  	 3.90	 0.89	  F6Ib
302.826250	 -0.821389	7710	 65The Aql	191692	         	 3.23	-0.07	  B9.5III
								
297.695833	 +8.868333	7557	 53Alp Aql	187642	         	 0.77	 0.22	  A7V
291.374583	 +3.114722	7377	 30Del Aql	182640	12004    	 3.36	 0.32	  F3IV
286.562083	 -4.882500	7236	 16Lam Aql	177756	         	 3.44	-0.09	  B9Vn
								
297.695833	 +8.868333	7557	 53Alp Aql	187642	         	 0.77	 0.22	  A7V
296.565000	+10.613333	7525	 50Gam Aql	186791	         	 2.72	 1.52	  K3II
298.828333	 +6.406667	7602	 60Bet Aql	188512	12557    	 3.71	 0.86	  G8IV
								
#Scutum
281.793750	 -4.747778	7063	   Bet Sct	173764	         	 4.22	 1.10	  G4IIa
278.801667	 -8.244167	6973	   Alp Sct	171443	11056    	 3.85	 1.33	  K3-III-IIIb
277.299583	-14.565833	6930	   Gam Sct	170296	         	 4.70	 0.06	  A3Vn
280.568333	 -9.052500	7020	   Del Sct	172748	Del Sct  	 4.72	 0.35	  F2IIIpDel Del
280.880417	 -8.275278	7032	   Eps Sct	173009	         	 4.90	 1.12	  G8IIb
281.793750	 -4.747778	7063	   Bet Sct	173764	         	 4.22	 1.10	  G4IIa
								
#Cassiopeia
002.294583	+59.149722	  21	 11Bet Cas	   432	Bet Cas  	 2.27	 0.34	  F2III-IV
010.127083	+56.537222	 168	 18Alp Cas	  3712	Alp Cas  	 2.23	 1.17	  K0IIIa
014.177083	+60.716667	 264	 27Gam Cas	  5394	Gam Cas  	 2.47	-0.15	  B0IVe
021.454167	+60.235278	 403	 37Del Cas	  8538	Del Cas  	 2.68	 0.13	  A5III-IV
028.598750	+63.670000	 542	 45Eps Cas	 11415	  652    	 3.38	-0.15	  B3III
								
#Cepheus
354.836667	+77.632500	8974	 35Gam Cep	222404	14656    	 3.21	 1.03	  K1III-IV
322.165000	+70.560833	8238	  8Bet Cep	205021	Bet Cep  	 3.23	-0.22	  B1IV
319.645000	+62.585556	8162	  5Alp Cep	203280	13660    	 2.44	 0.22	  A7V
325.876667	+58.780000	8316	   Mu  Cep	206936	Mu  Cep  	 4.08	 2.35	  M2-Ia
333.758333	+57.043611	8494	 23Eps Cep	211336	Eps Cep  	 4.19	 0.28	  F0IV
332.713750	+58.201111	8465	 21Zet Cep	210745	14066    	 3.35	 1.57	  K1.5Ib
337.292917	+58.415278	8571	 27Del Cep	213306	Del Cep  	 3.75	 0.60	  F5Ib-G2Ib
342.420000	+66.200556	8694	 32Iot Cep	216228	         	 3.52	 1.05	  K0-III
354.836667	+77.632500	8974	 35Gam Cep	222404	14656    	 3.21	 1.03	  K1III-IV
								
342.420000	+66.200556	8694	 32Iot Cep	216228	         	 3.52	 1.05	  K0-III
322.165000	+70.560833	8238	  8Bet Cep	205021	Bet Cep  	 3.23	-0.22	  B1IV
								
319.645000	+62.585556	8162	  5Alp Cep	203280	13660    	 2.44	 0.22	  A7V
311.322500	+61.838889	7957	  3Eta Cep	198149	         	 3.43	 0.92	  K0IV
307.395417	+62.994167	7850	  2The Cep	195725	         	 4.22	 0.20	  A7III
								
#Corona Borealis
233.232500	+31.359167	5778	  4The CrB	138749	 7134/5  	 4.14	-0.13	  B6Vnne
231.957083	+29.105833	5747	  3Bet CrB	137909	Bet CrB  	 3.68	 0.28	  F0p
233.672083	+26.714722	5793	  5Alp CrB	139006	Alp CrB  	 2.23	-0.02	  A0V+G5V
235.685833	+26.295556	5849	  8Gam CrB	140436	Gam CrB  	 3.84	 0.00	  B9IV+A3V
237.398750	+26.068333	5889	 10Del CrB	141714	Del CrB  	 4.63	 0.80	  G3.5III-IVFe-1
239.397083	+26.877778	5947	 13Eps CrB	143107	         	 4.15	 1.23	  K2IIIab
240.360833	+29.851111	5971	 14Iot CrB	143807	 7396    	 4.99	-0.07	  A0p:Hg:
								
#Crux
187.791250	-57.113333	4763	   Gam Cru	108903	 5672    	 1.63	 1.59	  M3.5III
186.649583	-63.099167	4730	   Alp1Cru	108248	         	 1.33	-0.24	  B0.5IV
								
191.930000	-59.688611	4853	   Bet Cru	111123	Bet Cru  	 1.25	-0.23	  B0.5III
183.786250	-58.748889	4656	   Del Cru	106490	Del Cru  	 2.80	-0.23	  B2IV
								
#Corvus
182.103333	-24.728889	4623	  1Alp Crv	105452	         	 4.02	 0.32	  F2III-IV
182.531250	-22.619722	4630	  2Eps Crv	105707	 5483    	 3.00	 1.33	  K2.5IIIaBa0.2:
183.951667	-17.541944	4662	  4Gam Crv	106625	 5515    	 2.59	-0.11	  B8IIIpHgMn
187.466250	-16.515556	4757	  7Del Crv	108767	 5656    	 2.95	-0.05	  B9.5V
188.596667	-23.396667	4786	  9Bet Crv	109379	 5729    	 2.65	 0.89	  G5II
182.531250	-22.619722	4630	  2Eps Crv	105707	 5483    	 3.00	 1.33	  K2.5IIIaBa0.2:
								
#Cancer
131.666667	+28.765278	3474	 48Iot Cnc	 74738	 4238    	 6.57	 0.04	  A3V
130.821250	+21.468611	3449	 43Gam Cnc	 74198	         	 4.66	 0.02	  A1IV
131.171250	+18.154167	3461	 47Del Cnc	 74442	         	 3.94	 1.08	  K0III-IIIb
134.621667	+11.857778	3572	 65Alp Cnc	 76756	 4327    	 4.25	 0.14	  A5m
								
131.171250	+18.154167	3461	 47Del Cnc	 74442	         	 3.94	 1.08	  K0III-IIIb
124.128750	 +9.185556	3249	 17Bet Cnc	 69267	 3973    	 3.52	 1.48	  K4IIIBa0.5
								
#Bootes
208.671250	+18.397778	5235	  8Eta Boo	121370	         	 2.68	 0.58	  G0IV
213.915417	+19.182500	5340	 16Alp Boo	124897	 6603    	-0.04	 1.23	  K1.5IIIFe-0.5
217.957500	+30.371389	5429	 25Rho Boo	127665	 6697    	 3.58	 1.30	  K3-III
218.019583	+38.308333	5435	 27Gam Boo	127762	Gam Boo  	 3.03	 0.19	  A7III
225.486667	+40.390556	5602	 42Bet Boo	133208	 6898    	 3.50	 0.97	  G8IIIaBa0.3Fe-0.5
228.875833	+33.314722	5681	 49Del Boo	135722	 7002    	 3.47	 0.95	  G8IIIFe-1
221.246667	+27.075000	5505	 36Eps Boo	129988	         	 5.12	     	  A2V
213.915417	+19.182500	5340	 16Alp Boo	124897	 6603    	-0.04	 1.23	  K1.5IIIFe-0.5
220.287083	+13.728333	5477	 30Zet Boo	129246	 6766    	 4.83	     	  A2III
								
#Auriga
089.882083	+44.947500	2088	 34Bet Aur	 40183	Bet Aur  	 1.90	 0.03	  A2IV
079.172500	+45.998056	1708	 13Alp Aur	 34029	 1897    	 0.08	 0.80	  G5IIIe+G0III
076.628750	+41.234444	1641	 10Eta Aur	 32630	 1822    	 3.17	-0.18	  B3V
074.248333	+33.166111	1577	  3Iot Aur	 31398	 1778    	 2.69	 1.53	  K3II
081.572917	+28.607500	1791	112Bet Tau	 35497	         	 1.65	-0.13	  B7III
089.930417	+37.212500	2095	 37The Aur	 40312	The Aur  	 2.62	-0.08	  A0pSi
089.882083	+44.947500	2088	 34Bet Aur	 40183	Bet Aur  	 1.90	 0.03	  A2IV
								
089.882083	+44.947500	2088	 34Bet Aur	 40183	Bet Aur  	 1.90	 0.03	  A2IV
089.881667	+54.284722	2077	 33Del Aur	 40035	         	 3.72	 1.00	  K0-III
079.172500	+45.998056	1708	 13Alp Aur	 34029	 1897    	 0.08	 0.80	  G5IIIe+G0III
								
079.172500	+45.998056	1708	 13Alp Aur	 34029	 1897    	 0.08	 0.80	  G5IIIe+G0III
075.492083	+43.823333	1605	  7Eps Aur	 31964	Eps Aur  	 2.99	 0.54	  F0Iae+B
075.619583	+41.075833	1612	  8Zet Aur	 32068	Zet Aur  	 3.75	 1.22	  K4II+B8V
								
#Aries
028.382500	+19.295833	 545	  5Gam1Ari	 11503	Var?     	 4.83	     	  B9V
028.660000	+20.808056	 553	  6Bet Ari	 11636	  658    	 2.64	 0.13	  A5V
031.793333	+23.462500	 617	 13Alp Ari	 12929	  725    	 2.00	 1.15	  K2-IIICa-1
042.495833	+27.260556	 838	 41    Ari	 17573	  951    	 3.63	-0.10	  B8Vn
								
#Triangulum
028.270417	+29.578889	 544	  2Alp Tri	 11443	         	 3.41	 0.49	  F6IV
032.385833	+34.987222	 622	  4Bet Tri	 13161	         	 3.00	 0.14	  A5III
034.328750	+33.847222	 664	  9Gam Tri	 14055	         	 4.01	 0.02	  A1Vnn
028.270417	+29.578889	 544	  2Alp Tri	 11443	         	 3.41	 0.49	  F6IV
								
#Ursa Minor
037.952917	+89.264167	 424	  1Alp UMi	  8890	Alp UMi  	 2.02	 0.60	  F7:Ib-II
263.053750	+86.586389	6789	 23Del UMi	166205	         	 4.36	 0.02	  A1Vn
251.492083	+82.037222	6322	 22Eps UMi	153751	Eps UMi  	 4.23	 0.89	  G5III
236.014583	+77.794444	5903	 16Zet UMi	142105	 7263    	 4.32	 0.04	  A3Vn
222.676250	+74.155556	5563	  7Bet UMi	131873	 6846    	 2.08	 1.47	  K4-III
230.182083	+71.833889	5735	 13Gam UMi	137422	Gam UMi  	 3.05	 0.05	  A3II-III
244.376250	+75.755278	6116	 21Eta UMi	148048	         	 4.95	 0.37	  F5V
236.014583	+77.794444	5903	 16Zet UMi	142105	 7263    	 4.32	 0.04	  A3Vn
								
#Triangulum Australe
252.166250	-69.027778	6217	   Alp TrA	150798	         	 1.92	 1.44	  K2IIb-IIIa
238.785417	-63.430556	5897	   Bet TrA	141891	         	 2.85	 0.29	  F2III
234.180000	-66.316944	5771	   Eps TrA	138538	         	 4.11	 1.17	  K1-2III
229.727500	-68.679444	5671	   Gam TrA	135382	 7008    	 2.89	 0.00	  A1V
252.166250	-69.027778	6217	   Alp TrA	150798	         	 1.92	 1.44	  K2IIb-IIIa
								
#Lupus
220.482500	-47.388333	5469	   Alp Lup	129056	Alp Lup  	 2.30	-0.20	  B1.5III/Vn
228.071250	-52.099167	5649	   Zet Lup	134505	         	 3.41	 0.92	  G8III
229.633333	-47.875000	5683	   Mu  Lup	135734	         	 4.27	-0.08	  B8Ve
230.670417	-44.689444	5708	   Eps Lup	136504	Var?     	 3.37	-0.18	  B2IV-V
233.785417	-41.166944	5776	   Gam Lup	138690	         	 2.78	-0.20	  B2IV
240.030417	-38.396944	5948	   Eta Lup	143118	         	 3.41	-0.22	  B2.5IV
230.451667	-36.261389	5705	   Phi1Lup	136422	         	 3.56	 1.54	  K5III
237.739583	-33.627222	5883	  5Chi Lup	141556	         	 3.95	-0.04	  B9IV
240.030417	-38.396944	5948	   Eta Lup	143118	         	 3.41	-0.22	  B2.5IV
228.071250	-52.099167	5649	   Zet Lup	134505	         	 3.41	 0.92	  G8III
								
233.785417	-41.166944	5776	   Gam Lup	138690	         	 2.78	-0.20	  B2IV
230.342917	-40.647500	5695	   Del Lup	136298	Del Lup  	 3.22	-0.22	  B1.5IV
224.632917	-43.133889	5571	   Bet Lup	132058	         	 2.68	-0.22	  B2III/IV
								
#Norma
241.622500	-45.173333	5980	   Del Nor	144197	         	 4.72	 0.23	  Am
240.803750	-49.229722	5962	   Eta Nor	143546	         	 4.65	 0.92	  G8III
244.253750	-50.068333	6058	   Gam1Nor	146143	         	 4.99	 0.80	  F9Ia
244.960000	-50.155556	6072	   Gam2Nor	146686	         	 4.02	 1.08	  G8III
246.796250	-47.555000	6115	   Eps Nor	147971	         	 4.47	-0.07	  B4V
241.622500	-45.173333	5980	   Del Nor	144197	         	 4.72	 0.23	  Am
								
#Andromeda
354.534167	43.268056	8965	17Iot And	222173	14646	4.29	-0.1	B8V
345.480417	42.326111	8762	1Omi And	217675	Omi And	3.62	-0.09	B6IIIpe+A2p
354.534167	43.268056	8965	17Iot And	222173	14646	4.29	-0.1	B8V
4.582083	36.785278	68	25Sig And	1404	118	4.52	0.05	A2V
9.832083	30.860833	165	31Del And	3627	NA	3.27	1.28	K3III
2.097083	29.090556	15	21Alp And	358	Alp And	2.06	-0.11	B8IVpMnHg
9.832083	30.860833	165	31Del And	3627	NA	3.27	1.28	K3III
9.63875	29.311667	163	30Eps And	3546	NA	4.37	0.87	G6IIIFe-3CH1
11.834583	24.267222	215	34Zet And	4502	Zet And	4.06	1.12	K1IIe
9.63875	29.311667	163	30Eps And	3546	NA	4.37	0.87	G6IIIFe-3CH1
9.832083	30.860833	165	31Del And	3627	NA	3.27	1.28	K3III
17.432917	35.620556	337	43Bet And	6860	414	2.06	1.58	M0+IIIa
30.975	42.329722	603	57Gam1And	12533	NA	2.26	1.37	K3-IIb
17.432917	35.620556	337	43Bet And	6860	414	2.06	1.58	M0+IIIa
24.498333	48.628333	464	51    And	9927	NA	3.57	1.28	K3-III
17.432917	35.620556	337	43Bet And	6860	414	2.06	1.58	M0+IIIa
14.188333	38.499444	269	37Mu  And	5448	NA	3.87	0.13	A5V
12.453333	41.078889	226	35Nu  And	4727	NA	4.53	-0.15	B5V+F8V
								
#Ara
271.657917	-50.091667	6743	The Ara	165024	NA	3.66	-0.08	B2Ib
262.960417	-49.876111	6510	Alp Ara	158427	8999	2.95	-0.17	B2Vne
261.325	-55.53	6461	Bet Ara	157244	NA	2.85	1.46	K3Ib-IIa
261.348333	-56.3775	6462	Gam Ara	157246	NA	3.34	-0.13	B1Ib
262.774583	-60.683889	6500	Del Ara	158094	NA	3.62	-0.1	B8Vn
261.348333	-56.3775	6462	Gam Ara	157246	NA	3.34	-0.13	B1Ib
254.655	-55.990278	6285	Zet Ara	152786	NA	3.13	1.6	K3III
252.44625	-59.041389	6229	Eta Ara	151249	NA	3.76	1.57	K5III
254.655	-55.990278	6285	Zet Ara	152786	NA	3.13	1.6	K3III
254.89625	-53.160556	6295	Eps1Ara	152980	NA	4.06	1.45	K4IIIab
262.960417	-49.876111	6510	Alp Ara	158427	8999	2.95	-0.17	B2Vne
								
#Canis Major
104.034167	-17.054167	2596	20Iot CMa	51309	Iot CMa	4.37	-0.07	B3II
103.5475	-12.038611	2574	14The CMa	50778	NA	4.07	1.43	K4III
105.939583	-15.633333	2657	23Gam CMa	53244	NA	4.12	-0.12	B8II
104.034167	-17.054167	2596	20Iot CMa	51309	Iot CMa	4.37	-0.07	B3II
101.287083	-16.716111	2491	9Alp CMa	48915	NA	-1.46	0	A1Vm
95.675	-17.955833	2294	2Bet CMa	44743	Bet CMa	1.98	-0.23	B1II-III
99.170833	-19.255833	2429	7Nu 2CMa	47205	3047	3.95	1.06	K1III
103.532917	-24.183889	2580	16Omi1CMa	50877	Omi1 CMa	3.87	1.73	K2+Iab
104.65625	-28.972222	2618	21Eps CMa	52089	NA	1.5	-0.21	B2II
105.429583	-27.934722	2646	22Sig CMa	52877	Sig CMa	3.47	1.73	K7Ib
107.097917	-26.393333	2693	25Del CMa	54605	3424	1.84	0.68	F8Ia
111.02375	-29.303056	2827	31Eta CMa	58350	NA	2.45	-0.08	B5Ia
107.097917	-26.393333	2693	25Del CMa	54605	3424	1.84	0.68	F8Ia
105.75625	-23.833333	2653	24Omi2CMa	53138	NA	3.02	-0.08	B3Iab
101.287083	-16.716111	2491	9Alp CMa	48915	NA	-1.46	0	A1Vm
								
#Canis Minor
114.825417	5.225	2943	10Alp CMi	61421	3672	0.38	0.42	F5IV-V
111.7875	8.289444	2845	3Bet CMi	58715	Bet CMi	2.9	-0.09	B8Ve
								
#Canes Venatici
194.007083	38.318333	4915	12Alp2CVn	112413	Alp2 CVn	2.9	-0.12	A0pSiEuHg
188.435417	41.3575	4785	8Bet CVn	109358	5725	4.26	0.59	G0V
								
91.03	23.263333	2134	1    Gem	41116	Var?	4.16	0.82	G7III
93.719167	22.506667	2216	7Eta Gem	42995	Eta Gem	3.28	1.6	M3III
95.74	22.513611	2286	13Mu  Gem	44478	Mu  Gem	2.88	1.64	M3IIIab
100.982917	25.131111	2473	27Eps Gem	48329	3183	2.98	1.4	G8Ib
97.240833	20.212222	2343	18Nu  Gem	45542	NA	4.15	-0.13	B6IIIe
100.982917	25.131111	2473	27Eps Gem	48329	3183	2.98	1.4	G8Ib
107.785	30.245278	2697	46Tau Gem	54719	3437	4.41	1.26	K2-III
112.277917	31.784444	2852	62Rho Gem	58946	NA	4.18	0.32	F0V
113.65	31.888611	2890	66Alp Gem	60178	NA	2.88	0.04	A2Vm
112.277917	31.784444	2852	62Rho Gem	58946	NA	4.18	0.32	F0V
107.785	30.245278	2697	46Tau Gem	54719	3437	4.41	1.26	K2-III
103.197083	33.961111	2540	34The Gem	50019	NA	3.6	0.1	A3III
107.785	30.245278	2697	46Tau Gem	54719	3437	4.41	1.26	K2-III
111.431667	27.798056	2821	60Iot Gem	58207	NA	3.79	1.03	G9IIIbHdel -1
113.980417	26.895833	2905	69Ups Gem	60522	3652	4.06	1.54	M0III-IIIb
116.32875	28.026111	2990	78Bet Gem	62509	3712	1.14	1	K0IIIb
113.980417	26.895833	2905	69Ups Gem	60522	3652	4.06	1.54	M0III-IIIb
116.111667	24.398056	2985	77Kap Gem	62345	NA	3.57	0.93	G8IIIa
113.980417	26.895833	2905	69Ups Gem	60522	3652	4.06	1.54	M0III-IIIb
110.030833	21.982222	2777	55Del Gem	56986	NA	3.53	0.34	F2IV
106.027083	20.570278	2650	43Zet Gem	52973	Zet Gem	3.79	0.79	F7-G3Ib
99.427917	16.399167	2421	24Gam Gem	47105	NA	1.93	0	A0IV
106.027083	20.570278	2650	43Zet Gem	52973	Zet Gem	3.79	0.79	F7-G3Ib
110.030833	21.982222	2777	55Del Gem	56986	NA	3.53	0.34	F2IV
109.523333	16.540278	2763	54Lam Gem	56537	3512	3.58	0.11	A3V
101.3225	12.895556	2484	31Xi  Gem	48737	3193	3.36	0.43	F5III
								
#Grus
328.482083	-37.365	8353	Gam Gru	207971	NA	3.01	-0.12	B8III
331.52875	-39.543333	8411	Lam Gru	209688	NA	4.46	1.37	K3III
337.3175	-43.495556	8556	Del1Gru	213009	14169	3.97	1.03	G6-8III
340.667083	-46.884722	8636	Bet Gru	214952	Bet Gru	2.1	1.6	M5III
332.058333	-46.961111	8425	Alp Gru	209952	14040	1.74	-0.13	B7IV
340.667083	-46.884722	8636	Bet Gru	214952	Bet Gru	2.1	1.6	M5III
342.13875	-51.316944	8675	Eps Gru	215789	14320	3.49	0.08	A3V
345.22	-52.754167	8747	Zet Gru	217364	NA	4.12	0.98	G8-K0III
342.13875	-51.316944	8675	Eps Gru	215789	14320	3.49	0.08	A3V
347.59	-45.246667	8820	Iot Gru	218670	NA	3.9	1.02	K1III
346.72	-43.520556	8787	The Gru	218227	NA	4.28	0.42	F5mDel Del
								
#Leo
146.462917	23.774167	3873	17Eps Leo	84441	4613	2.98	0.8	G1II
148.190833	26.006944	3905	24Mu  Leo	85503	NA	3.88	1.22	K2IIICN1Ca1
154.1725	23.417222	4031	36Zet Leo	89025	4804	3.44	0.31	F0III
154.994167	19.840556	4058	41Gam2Leo	89485	4823	3.8	NA	G7IIIFe-1
151.833333	16.762778	3975	30Eta Leo	87737	4738	3.52	-0.03	A0Ib
152.092917	11.967222	3982	32Alp Leo	87901	4750	1.35	-0.11	B7V
145.2875	9.892222	3852	14Omi Leo	83808	NA	3.52	0.49	F6II+A1-5V
152.092917	11.967222	3982	32Alp Leo	87901	4750	1.35	-0.11	B7V
168.56	15.429444	4359	70The Leo	97633	5144	3.34	-0.01	A2V
170.98125	10.529167	4399	78Iot Leo	99028	5184	3.94	0.41	F4IV
170.284167	6.029444	4386	77Sig Leo	98664	NA	4.05	-0.06	B9.5V s
170.98125	10.529167	4399	78Iot Leo	99028	5184	3.94	0.41	F4IV
168.56	15.429444	4359	70The Leo	97633	5144	3.34	-0.01	A2V
177.265	14.571944	4534	94Bet Leo	102647	Bet Leo	2.14	0.09	A3V
168.527083	20.523611	4357	68Del Leo	97603	5143	2.56	0.12	A4V
154.994167	19.840556	4058	41Gam2Leo	89485	4823	3.8	NA	G7IIIFe-1
								
#Lepus
083.182500	-17.822222	1865	 11Alp Lep	 36673	 2128    	 2.58	 0.21	  F0Ib
082.061250	-20.759444	1829	  9Bet Lep	 36079	 2008    	 2.84	 0.82	  G5II
086.115833	-22.448333	1983	 13Gam Lep	 38393	         	 3.60	 0.47	  F6V
087.830417	-20.879167	2035	 15Del Lep	 39364	         	 3.81	 0.99	  K0IIIFe-1.5CH0.5
091.538750	-14.935278	2155	 18The Lep	 41695	         	 4.67	 0.05	  A1Vn
089.101250	-14.167778	2085	 16Eta Lep	 40136	         	 3.71	 0.33	  F1III
086.738750	-14.821944	1998	 14Zet Lep	 38678	         	 3.55	 0.10	  A3Vn
083.182500	-17.822222	1865	 11Alp Lep	 36673	 2128    	 2.58	 0.21	  F0Ib
078.232917	-16.205556	1702	  5Mu  Lep	 33904	Mu  Lep  	 3.31	-0.11	  B9IIIpHgMn
076.365417	-22.371111	1654	  2Eps Lep	 32887	 1826    	 3.19	 1.46	  K5III
082.061250	-20.759444	1829	  9Bet Lep	 36079	 2008    	 2.84	 0.82	  G5II
								
079.893750	-13.176667	1756	  6Lam Lep	 34816	         	 4.29	-0.26	  B0.5IV
078.232917	-16.205556	1702	  5Mu  Lep	 33904	Mu  Lep  	 3.31	-0.11	  B9IIIpHgMn
078.307917	-12.941389	1705	  4Kap Lep	 33949	         	 4.36	-0.10	  B9V
								
#Libra
238.45625	-16.729444	5908	46The Lib	142198	NA	4.15	1.02	G8.5IIIb
233.881667	-14.789444	5787	38Gam Lib	138905	NA	3.91	1.01	G8.5III
229.251667	-9.383056	5685	27Bet Lib	135742	7009	2.61	-0.11	B8V
222.719583	-16.041667	5531	9Alp2Lib	130841	6827	2.75	0.15	A3IV
226.0175	-25.281944	5603	20Sig Lib	133216	Sig Lib	3.29	1.7	M3-III
229.251667	-9.383056	5685	27Bet Lib	135742	7009	2.61	-0.11	B8V
226.0175	-25.281944	5603	20Sig Lib	133216	Sig Lib	3.29	1.7	M3-III
234.25625	-28.135	5794	39Ups Lib	139063	NA	3.58	1.38	K3III
234.664167	-29.777778	5812	40Tau Lib	139365	NA	3.66	-0.17	B2.5V
								
#Mensa
92.56	-74.753056	2261	Alp Men	43834	NA	5.09	0.72	G6V
82.970417	-76.341111	1953	Gam Men	37763	NA	5.19	1.13	K2III
73.796667	-74.936944	1629	Eta Men	32440	NA	5.47	1.52	K4III
75.679167	-71.314444	1677	Bet Men	33285	NA	5.31	1	G8III
								
#Microscopium
320.19	-40.809722	8151	The1Mic	203006	The1 Mic	4.82	0.02	ApCrEuSr
319.484583	-32.1725	8135	Eps Mic	202627	NA	4.71	0.06	A1V
315.322917	-32.257778	8039	Gam Mic	199951	NA	4.67	0.89	G6III
312.492083	-33.779722	7965	Alp Mic	198232	13329	4.9	1	G7III
								
#Monoceros
98.225833	7.333056	2385	13    Mon	46300	NA	4.5	0	A0Ib
95.942083	4.592778	2298	8Eps Mon	44769	NA	4.44	0.18	A5IV
101.965	2.412222	2506	18    Mon	49293	NA	4.47	1.11	K0+IIIaBa0.2
107.96625	-0.492778	2714	22Del Mon	55185	NA	4.15	-0.01	A2V
97.204167	-7.032778	2356	11Bet Mon	45725	2977	4.6	-0.1	B3Ve
93.71375	-6.274722	2227	5Gam Mon	43232	NA	3.98	1.32	K1.5IIIBa0.3
97.204167	-7.032778	2356	11Bet Mon	45725	2977	4.6	-0.1	B3Ve
107.96625	-0.492778	2714	22Del Mon	55185	NA	4.15	-0.01	A2V
115.311667	-9.551111	2970	26Alp Mon	61935	NA	3.93	1.02	K0III
122.148333	-2.983889	3188	29Zet Mon	67594	NA	4.34	0.97	G2Ib
								
#Musca
191.570417	-68.108056	4844	Bet Mus	110879	NA	3.05	-0.18	B2.5V
189.295833	-69.135556	4798	Alp Mus	109668	Alp Mus	2.69	-0.2	B2IV-V
195.5675	-71.548889	4923	Del Mus	112985	NA	3.62	1.18	K2III
189.295833	-69.135556	4798	Alp Mus	109668	Alp Mus	2.69	-0.2	B2IV-V
188.116667	-72.133056	4773	Gam Mus	109026	NA	3.87	-0.15	B5V
189.295833	-69.135556	4798	Alp Mus	109668	Alp Mus	2.69	-0.2	B2IV-V
184.392083	-67.960833	4671	Eps Mus	106849	Eps Mus	4.11	1.58	M5III
176.401667	-66.728611	4520	Lam Mus	102249	NA	3.64	0.16	A7III
								
#Eridanus
76.9625	-5.086389	1666	67Bet Eri	33111	1841	2.79	0.13	A3III
73.22375	-5.452778	1560	61Ome Eri	31109	NA	4.39	0.25	F4III+A6III
71.375417	-3.254722	1520	57Mu  Eri	30211	NA	4.02	-0.15	B5IV
69.079583	-3.3525	1463	48Nu  Eri	29248	Nu  Eri	3.93	-0.21	B2III
62.96625	-6.8375	1298	38Omi1Eri	26574	Omi1 Eri	4.04	0.33	F2II-III
59.5075	-13.508611	1231	34Gam Eri	25025	Gam Eri	2.95	1.59	M0.5IIICa-1Cr-1
55.812083	-9.763333	1136	23Del Eri	23249	Del Eri	3.54	0.92	K0+IV
53.2325	-9.458333	1084	18Eps Eri	22049	NA	3.73	0.88	K2V
44.107083	-8.898056	874	3Eta Eri	18322	988	3.89	1.11	K1-IIIbBa0.2:
41.030833	-13.858611	811	89Pi  Cet	17081	NA	4.25	-0.14	B7V
41.275833	-18.5725	818	1Tau1Eri	17206	NA	4.47	0.48	F6V
45.597917	-23.624444	919	11Tau3Eri	18978	NA	4.09	0.16	A4IV
49.879167	-21.757778	1003	16Tau4Eri	20720	Tau4 Eri	3.69	1.62	M3.5IIIaCa-1
53.447083	-21.632778	1088	19Tau5Eri	22203	NA	4.27	-0.11	B8V+B8V
56.712083	-23.249722	1173	27Tau6Eri	23754	NA	4.23	0.42	F3III
58.4275	-24.6125	1213	33Tau8Eri	24587	Tau8 Eri	4.65	-0.13	B6V
59.98125	-24.016389	1240	36Tau9Eri	25267	Tau9 Eri	4.66	-0.13	B6V+B9.5V
68.8875	-30.562222	1464	52Ups2Eri	29291	NA	3.82	0.98	G8IIIa
66.009167	-34.016944	1393	43    Eri	28028	NA	3.96	1.49	K4III
64.47375	-33.798333	1347	41Ups4Eri	27376	Var	3.56	-0.12	B9V
57.36375	-36.200278	1195	NA	24160	NA	4.17	0.95	G9II-III
57.149583	-37.620556	1190	NA	24072	1359	4.73	-0.03	B9V
54.27375	-40.274722	1106	NA	22663	NA	4.58	1.04	K1III
49.982083	-43.069722	1008	NA	20794	NA	4.27	0.71	G8V
44.567917	-40.304444	898	The2Eri	18623	1002	4.35	0.08	A1V
40.166667	-39.855556	794	Iot Eri	16815	NA	4.11	1.02	K0III
39.95	-42.891667	789	NA	16754	NA	4.75	0.06	A2V
36.74625	-47.703889	721	Kap Eri	15371	NA	4.25	-0.14	B5IV
34.1275	-51.512222	674	Phi Eri	14228	NA	3.56	-0.12	B8V-IV
28.989583	-51.608889	566	Chi Eri	11937	671	3.7	0.85	G8IIIbCNIV
24.42875	-57.236667	472	Alp Eri	10144	Var	0.46	-0.16	B3Vpe
								
#Hydra
132.108333	5.837778	3492	13Rho Hya	75137	NA	4.36	-0.04	A0Vn
131.694167	6.418889	3482	11Eps Hya	74874	Eps Hya	3.38	0.68	G5III
129.414167	5.703611	3410	4Del Hya	73262	NA	4.16	0	A1Vnn
129.689167	3.341389	3418	5Sig Hya	73471	NA	4.44	1.21	K1+III
130.80625	3.398611	3454	7Eta Hya	74280	Eta Hya	4.3	-0.2	B3V
132.108333	5.837778	3492	13Rho Hya	75137	NA	4.36	-0.04	A0Vn
133.848333	5.945556	3547	16Zet Hya	76294	NA	3.11	1	G9II-III
138.59125	2.314167	3665	22The Hya	79469	4425	3.88	-0.06	B9.5V
144.964167	-1.142778	3845	35Iot Hya	83618	4568	3.91	1.32	K2.5III-IIIbBa0.3
141.896667	-8.658611	3748	30Alp Hya	81797	4496	1.98	1.44	K3II-III
147.869583	-14.846667	3903	39Ups1Hya	85444	NA	4.12	0.92	G7-III
152.647083	-12.354167	3994	41Lam Hya	88284	NA	3.61	1.01	K0IIICN1
156.5225	-16.836389	4094	42Mu  Hya	90432	NA	3.81	1.48	K4.5III
162.40625	-16.193611	4232	Nu  Hya	93813	NA	3.11	1.25	K2III
173.250417	-31.857778	4450	Xi  Hya	100407	NA	3.54	0.94	G7III
178.2275	-33.908056	4552	Bet Hya	103192	Bet Hya	4.28	-0.1	B9IIIpSi
199.730417	-23.171667	5020	46Gam Hya	115659	6180	3	0.92	G8-IIIa
211.592917	-26.6825	5287	49Pi  Hya	123123	NA	3.27	1.12	K2-III-IIIbFe-0.5
								
#Capricornus
304.51375	-12.544722	7754	6Alp2Cap	192947	NA	3.57	0.94	G8IIIb
305.252917	-14.781389	7776	9Bet Cap	193495	NA	3.08	0.79	F8V+A0
306.830000	-18.211667	7814	 10Pi  Cap	194636	         	 5.25	-0.07	  B8II-III
311.52375	-25.270833	7936	16Psi Cap	197692	NA	4.14	0.43	F4V
312.955417	-26.919167	7980	18Ome Cap	198542	13351	4.11	1.64	M0-III-IIIbBa0.2
321.666667	-22.411389	8204	34Zet Cap	204075	NA	3.74	1	G4Ib
324.270000	-19.466111	8260	39Eps Cap	205637	Eps Cap  	 4.68	-0.17	  B2.5Vpe
326.76	-16.127222	8322	49Del Cap	207098	Del Cap	2.87	0.29	Am
325.022917	-16.662222	8278	40Gam Cap	206088	NA	3.68	0.32	F0p
320.561667	-16.834444	8167	32Iot Cap	203387	NA	4.28	0.9	G7IIIFe-1.5
316.486667	-17.232778	8075	23The Cap	200761	NA	4.07	-0.01	A1V
305.252917	-14.781389	7776	9Bet Cap	193495	NA	3.08	0.79	F8V+A0
								
326.760000	-16.127222	8322	 49Del Cap	207098	Del Cap  	 2.87	 0.29	  Am
328.324167	-13.551667	8351	 51Mu  Cap	207958	         	 5.08	 0.37	  F1III
								
#Pisces
18.437083	24.583611	360	85Phi Psc	7318	NA	4.65	1.04	K0III
19.866667	27.264167	383	90Ups Psc	7964	NA	4.76	0.03	A3V
17.915	30.089722	352	83Tau Psc	7106	NA	4.51	1.09	K0.5IIIb
18.437083	24.583611	360	85Phi Psc	7318	NA	4.65	1.04	K0III
22.870833	15.345833	437	99Eta Psc	9270	532	3.62	0.97	G7IIIa
26.348333	9.157778	510	110Omi Psc	10761	615	4.26	0.96	G8III
30.511667	2.763611	596	113Alp Psc	12447	705	4.33	0.03	A0pSiSr
25.357917	5.4875	489	106Nu  Psc	10380	NA	4.44	1.36	K3IIIbBa0.1
15.735833	7.89	294	71Eps Psc	6186	NA	4.28	0.96	K0III
12.170833	7.585	224	63Del Psc	4656	NA	4.43	1.5	K4IIIb
359.827917	6.863333	9072	28Ome Psc	224617	14793	4.01	0.42	F4IV
354.9875	5.626389	8969	17Iot Psc	222368	14657	4.13	0.51	F7V
351.992083	6.378889	8916	10The Psc	220954	NA	4.28	1.07	K1III
350.085833	5.381389	8878	7    Psc	220009	NA	5.05	1.2	K2III
349.29125	3.282222	8852	6Gam Psc	219615	NA	3.69	0.92	G9-III:Fe-2
351.733333	1.255556	8911	8Kap Psc	220825	Kap Psc	4.94	0.03	A0pCrSi:Sr:
355.511667	1.78	8984	18Lam Psc	222603	NA	4.5	0.2	A7V
356.597917	3.486667	9004	19    Psc	223075	TX Psc	5.04	2.6	C5II
354.9875	5.626389	8969	17Iot Psc	222368	14657	4.13	0.51	F7V
								
#Pictor
102.0475	-61.941389	2550	Alp Pic	50241	NA	3.27	0.21	A7IV
87.457083	-56.166667	2042	Gam Pic	39523	NA	4.51	1.1	K1III
86.82125	-51.066389	2020	Bet Pic	39060	NA	3.85	0.17	A5V
								
#Pisces Austrinus
344.412917	-29.622222	8728	24Alp PsA	216956	14372	1.16	0.09	A3V
340.164167	-27.043611	8628	18Eps PsA	214748	14270	4.17	-0.11	B8V
333.578333	-27.766944	8478	16Lam PsA	210934	NA	5.43	-0.16	B8III
330.209167	-28.453611	8386	12Eta PsA	209014	13993	5.42	-0.09	B8V
326.934167	-30.898333	8326	10The PsA	207155	NA	5.01	0.04	A2V
326.236667	-33.025833	8305	9Iot PsA	206742	NA	4.34	-0.05	A0V
332.095833	-32.988611	8431	14Mu  PsA	210049	NA	4.5	0.05	A2V
337.87625	-32.346111	8576	17Bet PsA	213398	NA	4.29	0.01	A0V
343.131667	-32.875556	8695	22Gam PsA	216336	14338	4.46	-0.04	A0III*
343.987083	-32.539722	8720	23Del PsA	216763	NA	4.21	0.97	G8III
344.412917	-29.622222	8728	24Alp PsA	216956	14372	1.16	0.09	A3V
								
#Pegasus
332.496667	33.178333	8454	29Pi 2Peg	210459	NA	4.29	0.46	F5III
340.750417	30.221389	8650	44Eta Peg	215182	14285	2.94	0.86	G2II-III+F0V
345.94375	28.082778	8775	53Bet Peg	217906	Bet Peg	2.42	1.67	M2.5II-III
2.097083	29.090556	15	21Alp And	358	Alp And	2.06	-0.11	B8IVpMnHg
345.94375	28.082778	8775	53Bet Peg	217906	Bet Peg	2.42	1.67	M2.5II-III
346.190417	15.205278	8781	54Alp Peg	218045	14417	2.49	-0.04	B9V
3.309167	15.183611	39	88Gam Peg	886	Gam Peg	2.83	-0.23	B2IV
2.097083	29.090556	15	21Alp And	358	Alp And	2.06	-0.11	B8IVpMnHg
3.309167	15.183611	39	88Gam Peg	886	Gam Peg	2.83	-0.23	B2IV
346.190417	15.205278	8781	54Alp Peg	218045	14417	2.49	-0.04	B9V
340.365417	10.831389	8634	42Zet Peg	214923	NA	3.4	-0.09	B8V
332.55	6.197778	8450	26The Peg	210418	14057	3.53	0.08	A2Vp
326.046667	9.875	8308	8Eps Peg	206778	Eps Peg	2.39	1.53	K2Ib
								
#Lacerta
333.9925	37.748889	8498	1    Lac	211388	NA	4.13	1.46	K3-II-III
333.469583	39.715	8485	NA	211073	14076	4.49	1.39	K3III
337.622083	43.123333	8579	6    Lac	213420	NA	4.51	-0.09	B2IV
340.12875	44.276389	8632	11    Lac	214868	NA	4.46	1.33	K2+III-IIIb
337.622083	43.123333	8579	6    Lac	213420	NA	4.51	-0.09	B2IV
335.256667	46.536667	8523	2    Lac	212120	14130	4.57	-0.1	B6V
337.622083	43.123333	8579	6    Lac	213420	NA	4.51	-0.09	B2IV
337.3825	47.706944	8572	5    Lac	213310	14177	4.36	1.68	M0II+B8V
336.129167	49.476389	8541	4    Lac	212593	NA	4.57	0.09	B9Iab
335.89	52.229167	8538	3Bet Lac	212496	NA	4.43	1.02	G8.5IIIbCa1
337.822917	50.2825	8585	7Alp Lac	213558	NA	3.77	0.01	A1V
337.3825	47.706944	8572	5    Lac	213310	14177	4.36	1.68	M0II+B8V
								
#Hercules
255.0725	30.926389	6324	58Eps Her	153808	NA	3.92	-0.01	A0V
258.761667	36.809167	6418	67Pi  Her	156283	8431	3.16	1.44	K3IIab
269.063333	37.250556	6695	91The Her	163770	9890	3.86	1.35	K1IIaCN+2
264.86625	46.006389	6588	85Iot Her	160762	Iot Her	3.8	-0.18	B3IV
269.063333	37.250556	6695	91The Her	163770	9890	3.86	1.35	K1IIaCN+2
258.761667	36.809167	6418	67Pi  Her	156283	8431	3.16	1.44	K3IIab
250.724167	38.922222	6220	44Eta Her	150997	7934	3.53	0.92	G7.5IIIbFe-1
248.525833	42.436944	6168	35Sig Her	149630	7837	4.2	-0.01	B9V
244.935	46.313333	6092	22Tau Her	147394	7641	3.89	-0.15	B5IV
248.525833	42.436944	6168	35Sig Her	149630	7837	4.2	-0.01	B9V
250.724167	38.922222	6220	44Eta Her	150997	7934	3.53	0.92	G7.5IIIbFe-1
250.321667	31.603056	6212	40Zet Her	150680	7915	2.81	0.65	G0IV
247.555	21.489722	6148	27Bet Her	148856	7778	2.77	0.94	G7IIIa
250.321667	31.603056	6212	40Zet Her	150680	7915	2.81	0.65	G0IV
255.0725	30.926389	6324	58Eps Her	153808	NA	3.92	-0.01	A0V
258.757917	24.839167	6410	65Del Her	156164	8419	3.14	0.08	A3IV
258.662083	+14.390278	6406	 64Alp1Her	156014	Alp Her  	 3.48	 1.44	  M5Ib-II
266.614583	27.720556	6623	86Mu  Her	161797	NA	3.42	0.75	G5IV
269.44125	29.247778	6703	92Xi  Her	163993	9927	3.7	0.94	G8+III
271.885833	28.7625	6779	103Omi Her	166014	Omi Her	3.83	-0.03	B9.5V
								
#Draco
268.382083	56.872778	6688	32Xi  Dra	163588	NA	3.75	1.18	K2-III
269.151667	51.488889	6705	33Gam Dra	164058	NA	2.23	1.52	K5III
262.608333	52.301389	6536	23Bet Dra	159181	NA	2.79	0.98	G2Ib-IIa
263.044167	55.184167	6554	24Nu 1Dra	159541	9163	4.88	0.26	A6V
268.382083	56.872778	6688	32Xi  Dra	163588	NA	3.75	1.18	K2-III
288.13875	67.661667	7310	57Del Dra	180711	NA	3.07	1	G9III
297.043333	70.267778	7582	63Eps Dra	188119	12465	3.83	0.89	G7IIIbCN-2
275.264167	72.732778	6927	44Chi Dra	170153	10749	3.57	0.49	F7V
265.484583	72.148889	6636	31Psi1Dra	162003	NA	4.58	0.42	F5IV-V
257.196667	65.714722	6396	22Zet Dra	155763	NA	3.17	-0.12	B6III
245.997917	61.514167	6132	14Eta Dra	148387	7713	2.74	0.91	G8-IIIab
240.472083	58.565278	5986	13The Dra	144284	NA	4.01	0.52	F8IV
231.2325	58.966111	5744	12Iot Dra	137759	7077	3.29	1.16	K2III
211.097083	64.375833	5291	11Alp Dra	123299	6546	3.65	-0.05	A0III
188.370833	69.788333	4787	5Kap Dra	109387	Kap Dra	3.87	-0.13	B6IIIpe
172.850833	69.331111	4434	1Lam Dra	100029	5231	3.84	1.62	M0IIICa-1
144.271667	81.326389	3751	NA	81817	NA	4.29	1.48	K3IIIa
								
#Ophiuchus
263.73375	12.56	6556	55Alp Oph	159561	9189	2.08	0.15	A5III
254.417083	9.375	6299	27Kap Oph	153210	Kap Oph	3.2	1.15	K2III
247.728333	1.983889	6149	10Lam Oph	148857	7784	3.82	0.01	A0V+A4V
243.58625	-3.694444	6056	1Del Oph	146051	7556	2.74	1.58	M0.5III
244.580417	-4.6925	6075	2Eps Oph	146791	NA	3.24	0.96	G9.5IIIbFe-0.5
249.289583	-10.567222	6175	13Zet Oph	149757	Zet Oph	2.56	0.02	O9.5Vn
257.594583	-15.724722	6378	35Eta Oph	155125	NA	2.43	0.06	A2V
265.868333	4.567222	6603	60Bet Oph	161096	NA	2.77	1.16	K2III
263.73375	12.56	6556	55Alp Oph	159561	9189	2.08	0.15	A5III
								
257.594583	-15.724722	6378	35Eta Oph	155125	NA	2.43	0.06	A2V
260.502500	-24.999444	6453	 42The Oph	157056	The Oph  	 3.27	-0.22	  B2IV
261.838750	-29.866944	6492	 45    Oph	157919	         	 4.29	 0.40	  F5IVDel Sct*
								
249.289583	-10.567222	6175	13Zet Oph	149757	Zet Oph	2.56	0.02	O9.5Vn
247.784583	-16.612778	6147	  8Phi Oph	148786	         	 4.28	 0.92	  G8+IIIa
246.396667	-23.447222	6112	  5Rho Oph	147933	         	 5.02	 0.24	  B2IV
								
249.289583	-10.567222	6175	13Zet Oph	149757	Zet Oph	2.56	0.02	O9.5Vn
254.417083	9.375	6299	27Kap Oph	153210	Kap Oph	3.2	1.15	K2III
								
265.868333	4.567222	6603	60Bet Oph	161096	NA	2.77	1.16	K2III
266.973333	 +2.707222	6629	 62Gam Oph	161868	         	 3.75	 0.04	  A0Vnp
269.756667	 -9.773611	6698	 64Nu  Oph	163917	         	 3.34	 0.99	  K0IIIaCN-1
								
#Serpens
260.207083	-12.846944	6446	53Nu  Ser	156928	NA	4.33	0.03	A2V
264.396667	-15.398611	6561	55Xi  Ser	159876	9270	3.54	0.26	F0IVDel Sct
265.35375	-12.875278	6581	56Omi Ser	160613	Omi Ser	4.26	0.08	A2V
275.3275	-2.898889	6869	58Eta Ser	168723	10675	3.26	0.94	K0III-IV
284.060833	4.201944	7142	63The2Ser	175639	NA	4.98	0.2	A5Vn
								
236.547083	15.421944	5867	28Bet Ser	141003	NA	3.67	0.06	A2IV
237.185	18.141667	5879	35Kap Ser	141477	7269	4.09	1.62	M0.5IIIab
239.113333	15.661667	5933	41Gam Ser	142860	7350	3.85	0.48	F6V
236.547083	15.421944	5867	28Bet Ser	141003	NA	3.67	0.06	A2IV
233.700417	10.5375	5788	13Del Ser	138917	NA	3.8	0.26	F0IV
236.067083	6.425556	5854	24Alp Ser	140573	NA	2.65	1.17	K2IIIbCN1
237.704167	4.477778	5892	37Eps Ser	141795	NA	3.71	0.15	A2Vm
237.405	-3.430278	5881	32Mu  Ser	141513	NA	3.53	-0.04	A0V
260.207083	-12.846944	6446	53Nu  Ser	156928	NA	4.33	0.03	A2V
								
#Orion
85.189583	-1.942778	1948	50Zet Ori	37742	2553	2.05	-0.21	O9.7Ib
86.939167	-9.669722	2004	53Kap Ori	38771	2641	2.06	-0.17	B0.5Ia
78.634583	-8.201667	1713	19Bet Ori	34085	1882	0.12	-0.03	B8Ia:
83.001667	-0.299167	1852	34Del Ori	36486	Del Ori	2.23	-0.22	O9.5II
81.282917	6.349722	1790	24Gam Ori	35468	1972	1.64	-0.22	B2III
83.784583	9.934167	1879	39Lam Ori	36861	2240	3.54	-0.18	O8III((f))
88.792917	7.406944	2061	58Alp Ori	39801	Alp Ori	0.5	1.85	M1-2Ia-Iab
90.595833	9.6475	2124	61Mu  Ori	40932	2792	4.12	0.16	A2V
92.985	14.208889	2199	70Xi  Ori	42560	NA	4.48	-0.18	B3IV
91.892917	14.768333	2159	67Nu  Ori	41753	NA	4.42	-0.17	B3V
88.595417	20.276111	2047	54Chi1Ori	39587	NA	4.41	0.59	G0V
90.98	20.138333	2135	62Chi2Ori	41117	2809	4.63	0.28	B2Ia
92.985	14.208889	2199	70Xi  Ori	42560	NA	4.48	-0.18	B3IV
90.595833	9.6475	2124	61Mu  Ori	40932	2792	4.12	0.16	A2V
88.792917	7.406944	2061	58Alp Ori	39801	Alp Ori	0.5	1.85	M1-2Ia-Iab
85.189583	-1.942778	1948	50Zet Ori	37742	2553	2.05	-0.21	O9.7Ib
84.053333	-1.201944	1903	46Eps Ori	37128	Eps Ori	1.7	-0.19	B0Ia
83.001667	-0.299167	1852	34Del Ori	36486	Del Ori	2.23	-0.22	O9.5II
81.282917	6.349722	1790	24Gam Ori	35468	1972	1.64	-0.22	B2III
72.46	6.961389	1543	1Pi 3Ori	30652	1731	3.19	0.45	F6V
72.801667	5.605	1552	3Pi 4Ori	30836	1742	3.69	-0.17	B2III+B2IV
73.562917	2.440556	1567	8Pi 5Ori	31237	Pi5 Ori	3.72	-0.18	B3III+B0V
74.637083	1.714167	1601	10Pi 6Ori	31767	1786	4.47	1.4	K2-II
73.562917	2.440556	1567	8Pi 5Ori	31237	Pi5 Ori	3.72	-0.18	B3III+B0V
72.801667	5.605	1552	3Pi 4Ori	30836	1742	3.69	-0.17	B2III+B2IV
72.46	6.961389	1543	1Pi 3Ori	30652	1731	3.19	0.45	F6V
72.652917	8.900278	1544	2Pi 2Ori	30739	NA	4.36	0.01	A1Vn
74.092917	13.514444	1580	9Omi2Ori	31421	NA	4.07	1.15	K2-IIIFe-1
76.142083	15.404167	1638	11    Ori	32549	V1032 Ori	4.68	-0.06	A0pSi
77.425	15.597222	1676	15    Ori	33276	NA	4.82	0.32	F2IV
								
#Pyxis
130.025833	-35.308333	3438	Bet Pyx	74006	NA	3.97	0.94	G7Ib-II
130.897917	-33.186389	3468	Alp Pyx	74575	4220	3.68	-0.18	B1.5III
132.632917	-27.71	3518	Gam Pyx	75691	NA	4.01	1.27	K3-III
								
#Puppis
112.3075	-43.301389	2878	Sig Pup	59717	NA	3.25	1.51	K5III
120.89625	-40.003333	3165	Zet Pup	66811	NA	2.25	-0.26	O5f
121.885833	-24.304167	3185	15Rho Pup	67523	Rho Pup	2.81	0.43	F6IIpDel Del
117.32375	-24.859722	3045	7Xi  Pup	63700	NA	3.34	1.24	G6Iab-Ib
114.705417	-26.801667	2948	NA	61555	3673	4.5	-0.17	B6V
113.845	-28.369444	2922	NA	60863	NA	4.64	-0.11	B8V
109.285833	-37.0975	2773	Pi  Pup	56855	3515	2.7	1.62	K3Ib
99.440417	-43.196111	2451	Nu  Pup	47670	3062	3.17	-0.11	B8III
102.484167	-50.614722	2553	Tau Pup	50310	NA	2.93	1.2	K1III
#Carina
138.3	-69.717222	3685	Bet Car	80007	NA	1.68	0	A2IV
153.434167	-70.038056	4037	Ome Car	89080	NA	3.32	-0.08	B8III
160.739167	-64.394444	4199	The Car	93030	NA	2.76	-0.22	B0Vp
158.005833	-61.685278	4140	          	 91465	PP Car   	 3.32	-0.09	  B4Vne
154.270833	-61.332222	4050	NA	89388	V337 Car	3.4	1.54	K3IIa
139.2725	-59.275278	3699	Iot Car	80404	4444	2.25	0.18	A8Ib
125.628333	-59.509722	3307	Eps Car	71129	4058	1.86	1.28	K3III+B2:V
119.194583	-52.982222	3117	Chi Car	65575	Chi Car	3.47	-0.18	B3IVp
95.987917	-52.695833	2326	Alp Car	45348	NA	-0.72	0.15	F0II
								
#Vela
122.372083	-47.345833	3206	Gam1Vel	68243	3930	4.27	-0.23	B1IV
131.175833	-54.708333	3485	Del Vel	74956	NA	1.96	0.04	A1V
140.528333	-55.010833	3734	Kap Vel	81188	NA	2.5	-0.18	B2IV-V
149.215833	-54.567778	3940	Phi Vel	86440	NA	3.54	-0.08	B5Ib
161.6925	-49.42	4216	Mu  Vel	93497	NA	2.69	0.9	G5III+G2V
159.325417	-48.225833	4167	NA	92139	NA	3.84	0.3	F4IV+F3
153.684167	-42.121944	4023	NA	88955	NA	3.85	0.05	A2V
142.675	-40.466667	3786	Psi Vel	82434	4513	3.6	0.36	F3IV+F0IV
136.999167	-43.4325	3634	Lam Vel	78647	Lam Vel	2.21	1.66	K4.5Ib-II
131.1	-42.649167	3477	NA	74772	NA	4.07	0.87	G5III
129.41125	-42.989167	3426	NA	73634	NA	4.14	0.11	A6II
122.372083	-47.345833	3206	Gam1Vel	68243	3930	4.27	-0.23	B1IV
								
#Argo Navis connections
119.194583	-52.982222	3117	Chi Car	65575	Chi Car	3.47	-0.18	B3IVp
112.3075	-43.301389	2878	Sig Pup	59717	NA	3.25	1.51	K5III
								
131.175833	-54.708333	3485	Del Vel	74956	NA	1.96	0.04	A1V
139.2725	-59.275278	3699	Iot Car	80404	4444	2.25	0.18	A8Ib
								
122.372083	-47.345833	3206	Gam1Vel	68243	3930	4.27	-0.23	B1IV
120.89625	-40.003333	3165	Zet Pup	66811	NA	2.25	-0.26	O5f
								
#Crater
179.00375	-17.150833	4567	30Eta Crt	103632	5392	5.18	-0.02	A0V
176.190833	-18.350833	4514	27Zet Crt	102070	NA	4.73	0.97	G8IIIa
171.220417	-17.683889	4405	15Gam Crt	99211	NA	4.08	0.21	A5V
167.914583	-22.825833	4343	11Bet Crt	97277	NA	4.48	0.03	A2III
164.94375	-18.298889	4287	7Alp Crt	95272	NA	4.08	1.09	K0+III
169.835417	-14.778611	4382	12Del Crt	98430	NA	3.56	1.12	G8III-IV
171.220417	-17.683889	4405	15Gam Crt	99211	NA	4.08	0.21	A5V
169.835417	-14.778611	4382	12Del Crt	98430	NA	3.56	1.12	G8III-IV
171.1525	-10.859444	4402	14Eps Crt	99167	NA	4.83	1.56	K5III
174.170417	-9.802222	4468	21The Crt	100889	NA	4.7	-0.08	B9.5Vn
								
#Aquarius
311.919167	 -9.495833	7950	  2Eps Aqr	198001	         	 3.77	 0.00	  A1V
313.163333	 -8.983333	7990	  6Mu  Aqr	198743	         	 4.73	 0.32	  A3m
322.889583	-5.571111	8232	22Bet Aqr	204867	NA	2.91	0.83	G0Ib
331.445833	-0.319722	8414	34Alp Aqr	209750	NA	2.96	0.98	G2Ib
336.319167	 +1.377500	8539	 52Pi  Aqr	212571	Pi  Aqr  	 4.66	-0.03	  B1Ve
337.207083	 -0.020278	8558	 55Zet1Aqr	213051	         	 4.59	     	  F6IV
335.414167	 -1.387222	8518	 48Gam Aqr	212061	14132    	 3.84	-0.05	  A0V
331.445833	-0.319722	8414	34Alp Aqr	209750	NA	2.96	0.98	G2Ib
334.208333	-7.783333	8499	43The Aqr	211391	NA	4.16	0.98	G8III-IV
335.049583	 -7.821111	8512	 46Rho Aqr	211838	         	 5.37	-0.06	  B8IIIpMn:Hg:
343.15375	-7.579722	8698	73Lam Aqr	216386	Lam Aqr	3.74	1.64	M2.5IIIaFe-1
348.580833	-6.048889	8834	90Phi Aqr	219215	NA	4.22	1.56	M1.5III
349.212083	 -7.726667	8850	 92Chi Aqr	219576	Chi Aqr  	 5.06	 1.60	  M3III
348.972917	 -9.087778	8841	 91Psi1Aqr	219449	         	 4.21	 1.11	  K0III
343.6625	-15.820833	8709	76Del Aqr	216627	14356	3.27	0.05	A3V
341.928333	-14.056389	8673	 69Tau1Aqr	215766	         	 5.66	-0.05	  A0V
343.15375	-7.579722	8698	73Lam Aqr	216386	Lam Aqr	3.74	1.64	M2.5IIIaFe-1
								
322.889583	-5.571111	8232	22Bet Aqr	204867	NA	2.91	0.83	G0Ib
324.437917	 -7.854167	8264	23Xi  Aqr	205767	         	 4.69	 0.17	  A7V
331.609167	-13.869722	8418	33Iot Aqr	209819	NA	4.27	-0.07	B9IV-V
								
350.742500	-20.100556	8892	 98    Aqr	220321	         	 3.97	 1.10	  K0III
348.972917	 -9.087778	8841	 91Psi1Aqr	219449	         	 4.21	 1.11	  K0III
347.361667	-21.172500	8812	 88    Aqr	218594	         	 3.66	 1.22	  K1III
								
337.207083	 -0.020278	8558	 55Zet1Aqr	213051	         	 4.59	     	  F6IV
338.839167	 -0.117500	8597	 62Eta Aqr	213998	         	 4.02	-0.09	  B9IV-Vn
								
#Centaurus
170.251667	-54.491111	4390	Pi  Cen	98718	NA	3.89	-0.15	B5Vn
182.089583	-50.7225	4621	Del Cen	105435	Del Cen	2.6	-0.12	B2IVne
187.010000	-50.230556	4743	Sig Cen	108483	         	 3.91	-0.19	  B2V
190.379167	-48.959722	4819	Gam Cen	110304	NA	2.17	-0.01	A1IV
208.885000	-47.288333	5231	Zet Cen	121263	         	 2.55	-0.22	  B2.5IV
207.404167	-42.473889	5193	Mu  Cen	120324	Mu  Cen  	 3.04	-0.17	  B2IV-Ve
207.376250	-41.687778	5190	Nu  Cen	120307	Nu  Cen  	 3.41	-0.22	  B2IV
211.670833	-36.37	5288	5The Cen	123139	NA	2.06	1.01	K0-IIIb
215.139167	-37.885278	5367	   Psi Cen	125473	         	 4.05	-0.03	  A0IV
211.511667	-41.179722	5285	   Chi Cen	122980	Chi Cen  	 4.36	-0.19	  B2V
209.567917	-42.100833	5248	Phi Cen	121743	6509	3.83	-0.21	B2IV
207.37625	-41.687778	5190	Nu  Cen	120307	Nu  Cen	3.41	-0.22	B2IV
208.885000	-47.288333	5231	Zet Cen	121263	         	 2.55	-0.22	  B2.5IV
204.971667	-53.466389	5132	Eps Cen	118716	Eps Cen	2.3	-0.22	B1III
210.955833	-60.373056	5267	Bet Cen	122451	Bet Cen	0.61	-0.23	B1III
219.899583	-60.835278	5459	Alp1Cen	128620	NA	-0.01	0.71	G2V
								
209.567917	-42.100833	5248	Phi Cen	121743	6509	3.83	-0.21	B2IV
218.876667	-42.157778	5440	Eta Cen	127972	Eta Cen	2.31	-0.19	B1.5Vne
224.790417	-42.104167	5576	Kap Cen	132200	6873	3.13	-0.2	B2IV
								
172.942083	-59.442222	4441	   Omi1Cen	100261	Omi1 Cen 	 5.13	 1.08	  G30-Ia
182.912917	-52.368611	4638	Rho Cen	105937	NA	3.96	-0.15	B3V
187.01	-50.230556	4743	Sig Cen	108483	NA	3.91	-0.19	B2V
								
200.149167	-36.712222	5028	Iot Cen	115892	NA	2.75	0.04	A2V
202.761250	-39.407500	5089	          	117440	 6283    	 3.88	 1.17	  G9Ib*
207.37625	-41.687778	5190	Nu  Cen	120307	Nu  Cen	3.41	-0.22	B2IV
								
#Virgo
220.765000	 -5.658333	5487	107Mu  Vir	129502	         	 3.88	 0.38	  F2III
214.003750	 -6.000556	5338	 99Iot Vir	124850	 6604    	 4.08	 0.52	  F6III
203.673333	 -0.595833	5107	 79Zet Vir	118098	         	 3.37	 0.11	  A3V
190.415000	 -1.449444	4825	 29Gam Vir	110379	 5859    	 3.65	 0.36	  F0V
184.976667	 -0.666944	4689	 15Eta Vir	107259	 5555    	 3.89	 0.02	  A2IV
177.673750	 +1.764722	4540	  5Bet Vir	102870	         	 3.61	 0.55	  F9V
176.465000	 +6.529444	4517	  3Nu  Vir	102212	 5318    	 4.03	 1.51	  M1IIIab
181.302083	 +8.733056	4608	  9Omi Vir	104979	         	 4.12	 0.98	  G8IIIaCN-1Ba1CH1
184.976667	 -0.666944	4689	 15Eta Vir	107259	 5555    	 3.89	 0.02	  A2IV
								
195.544167	+10.959167	4932	 47Eps Vir	113226	 6064    	 2.83	 0.94	  G8IIIab
193.900833	 +3.397500	4910	 43Del Vir	112300	 6026    	 3.38	 1.58	  M3+III
190.415000	 -1.449444	4825	 29Gam Vir	110379	 5859    	 3.65	 0.36	  F0V
197.487500	 -5.538889	4963	 51The Vir	114330	         	 4.38	-0.01	  A1IV s+Am
201.298333	-11.161389	5056	 67Alp Vir	116658	Alp Vir  	 0.98	-0.23	  B1III-IV+B2V
								
221.562083	 +1.892778	5511	109    Vir	130109	 6794    	 3.72	-0.01	  A0V
210.411667	 +1.544444	5264	 93Tau Vir	122408	         	 4.26	 0.10	  A3V
203.673333	 -0.595833	5107	 79Zet Vir	118098	         	 3.37	 0.11	  A3V
								
#Perseus
046.294167	+38.840278	921	 25Rho Per	 19058	Rho Per  	 3.39	 1.65	  M4II
47.042083	40.955556	936	26Bet Per	19356	Bet Per	2.12	-0.05	B8V
47.374167	44.857222	941	27Kap Per	19476	1055	3.8	0.98	K0III
47.266667	49.613333	937	  Iot Per	19373	         	 4.05	 0.59	  G0V
043.564583	+52.762500	 854	 18Tau Per	 17878	Tau Per  	 3.95	 0.74	  G4III+A4V
042.674167	+55.895556	 834	 15Eta Per	 17506	         	 3.76	 1.68	  K3-Ib-IIa
46.199167	53.506389	915	23Gam Per	18925	NA	2.93	0.7	G8III+A2V
51.080833	49.861111	1017	33Alp Per	20902	1125	1.79	0.48	F5Ib
55.73125	47.7875	1122	39Del Per	22928	Del Per	3.01	-0.13	B5IIIe
59.463333	40.010278	1220	45Eps Per	24760	Eps Per	2.89	-0.18	B0.5V+A2V
59.74125	35.791111	1228	46Xi  Per	24912	Xi  Per	4.04	0.01	O7.5III(n)((f))
58.532917	31.883611	1203	44Zet Per	24398	1397	2.85	0.12	B1Ib
056.079583	+32.288333	1131	 38Omi Per	 23180	Omi Per  	 3.83	 0.05	  B1III
								
47.266667	49.613333	937	  Iot Per	19373	         	 4.05	 0.59	  G0V
041.050000	+49.228333	 799	 13The Per	 16895	  902    	 4.12	 0.49	  F8V
								
55.73125	47.7875	1122	39Del Per	22928	Del Per	3.01	-0.13	B5IIIe
063.724583	+48.409444	1303	 51Mu  Per	 26630	 1518    	 4.14	 0.95	  G0Ib
064.560833	+50.295556	1324	          	 26961	b Per    	 4.61	 0.04	  A2V
061.645833	+50.351389	1261	 47Lam Per	 25642	         	 4.29	 0.02	  A0IVn
								
#Cetus
40.825	3.235833	804	86Gam Cet	16970	NA	3.47	0.09	A3V
37.039583	8.46	718	73Xi 2Cet	15318	NA	4.28	-0.06	B9III
41.235417	10.114167	813	87Mu  Cet	17094	909	4.27	0.31	F0IV
44.92875	8.9075	896	91Lam Cet	18604	NA	4.7	-0.12	B6III
45.57	4.089722	911	92Alp Cet	18884	Alp Cet	2.53	1.64	M1.5IIIa
40.825	3.235833	804	86Gam Cet	16970	NA	3.47	0.09	A3V
39.870833	0.328611	779	82Del Cet	16582	Del Cet	4.07	-0.22	B2IV
34.83625	-2.9775	681	68Omi Cet	14386	Omi Cet	3.04	1.42	M7IIIe+Bep
27.865	-10.335	539	55Zet Cet	11353	638	3.73	1.14	K0IIIBa0.1
21.005833	-8.183333	402	45The Cet	8512	NA	3.6	1.06	K0III-IIIb
17.1475	-10.182222	334	31Eta Cet	6805	NA	3.45	1.16	K1.5IIICN1Fe0.5
004.857083	 -8.823889	  74	  8Iot Cet	  1522	  123    	 3.56	 1.22	  K1.5III
10.8975	-17.986667	188	16Bet Cet	4128	272	2.04	1.02	G9.5IIICH-1
026.017083	-15.937500	 509	 52Tau Cet	 10700	         	 3.50	 0.72	  G8V
27.865	-10.335	539	55Zet Cet	11353	638	3.73	1.14	K0IIIBa0.1
								
#Ursa Major
206.885	49.313333	5191	85Eta UMa	120315	6450	1.86	-0.19	B3V
200.98125	54.925278	5054	79Zet UMa	116656	6224	2.27	0.02	A1VpSrSi
193.507083	55.959722	4905	77Eps UMa	112185	Eps UMa	1.77	-0.02	A0pCr
183.856667	57.0325	4660	69Del UMa	106591	5513	3.31	0.08	A3V
178.4575	53.694722	4554	64Gam UMa	103287	5379	2.44	0	A0Ve
176.5125	47.779444	4518	63Chi UMa	102224	5319	3.71	1.18	K0.5IIIb
169.619583	33.094167	4377	54Nu  UMa	98262	NA	3.48	1.4	K3-IIIBa0.3
169.545833	31.529167	4375	53Xi  UMa	98231	5165	4.41	0.59	G0V
169.619583	33.094167	4377	54Nu  UMa	98262	NA	3.48	1.4	K3-IIIBa0.3
176.5125	47.779444	4518	63Chi UMa	102224	5319	3.71	1.18	K0.5IIIb
167.415833	44.498611	4335	52Psi UMa	96833	NA	3.01	1.14	K1III
155.582083	41.499444	4069	34Mu  UMa	89758	4829	3.05	1.59	M0III
154.274167	42.914444	4033	33Lam UMa	89021	NA	3.45	0.03	A2IV
155.582083	41.499444	4069	34Mu  UMa	89758	4829	3.05	1.59	M0III
167.415833	44.498611	4335	52Psi UMa	96833	NA	3.01	1.14	K1III
176.5125	47.779444	4518	63Chi UMa	102224	5319	3.71	1.18	K0.5IIIb
178.4575	53.694722	4554	64Gam UMa	103287	5379	2.44	0	A0Ve
165.460417	56.3825	4295	48Bet UMa	95418	5053	2.37	-0.02	A1V
165.932083	61.750833	4301	50Alp UMa	95689	5070	1.79	1.07	K0IIIa
183.856667	57.0325	4660	69Del UMa	106591	5513	3.31	0.08	A3V
165.932083	61.750833	4301	50Alp UMa	95689	5070	1.79	1.07	K0IIIa
142.882083	63.061944	3757	23    UMa	81937	4506	3.67	0.33	F0IV
127.56625	60.718056	3323	1Omi UMa	71369	4093	3.36	0.84	G5III
147.7475	59.038611	3888	29Ups UMa	84999	Ups UMa	3.8	0.29	F2IV
165.460417	56.3825	4295	48Bet UMa	95418	5053	2.37	-0.02	A1V
147.7475	59.038611	3888	29Ups UMa	84999	Ups UMa	3.8	0.29	F2IV
143.214167	51.677222	3775	25The UMa	82328	4519	3.17	0.46	F6IV
135.90625	47.156667	3594	12Kap UMa	77327	4357	3.6	0	A1Vn
134.801667	48.041667	3569	9Iot UMa	76644	4329	3.14	0.19	A7IV
								
#Corona Australis
284.680833	-37.1075	7152	Eps CrA	175813	Eps CrA	4.87	0.41	F2V
286.604583	-37.063333	7226	Gam CrA	177474	NA	4.93	0.52	F8V
287.367917	-37.904444	7254	Alp CrA	178253	NA	4.11	0.04	A2V
287.507083	-39.340833	7259	Bet CrA	178345	NA	4.11	1.2	K0II
287.087083	-40.496667	7242	Del CrA	177873	NA	4.59	1.09	K1III
285.77875	-42.095278	7188	Zet CrA	176638	NA	4.75	-0.02	B9.5V
								
#Phoenix
6.570833	-42.306111	99	Alp Phe	2261	NA	2.39	1.09	K0III
16.520833	-46.718611	322	Bet Phe	6595	400	3.31	0.89	G8III
22.09125	-43.318333	429	Gam Phe	9053	Gam Phe	3.41	1.57	M0-IIIa
22.812917	-49.072778	440	Del Phe	9362	NA	3.95	0.99	K0III
22.09125	-43.318333	429	Gam Phe	9053	Gam Phe	3.41	1.57	M0-IIIa
16.520833	-46.718611	322	Bet Phe	6595	400	3.31	0.89	G8III
17.09625	-55.245833	338	Zet Phe	6882	Zet Phe	3.92	-0.08	B6V+B9V
10.838333	-57.463056	191	Eta Phe	4150	NA	4.36	0	A0IV
2.352917	-45.7475	25	Eps Phe	496	NA	3.88	1.03	K0III
6.570833	-42.306111	99	Alp Phe	2261	NA	2.39	1.09	K0III
								
#Pavo
306.412083	-56.735	7790	Alp Pav	193924	13060	1.94	-0.2	B2IV
311.239583	-66.203056	7913	Bet Pav	197051	NA	3.42	0.16	A7III
321.610833	-65.366111	8181	Gam Pav	203608	13689	4.22	0.49	F6V
311.239583	-66.203056	7913	Bet Pav	197051	NA	3.42	0.16	A7III
300.147917	-72.910556	7590	Eps Pav	188228	12598	3.96	-0.03	A0V
280.75875	-71.428056	6982	Zet Pav	171759	NA	4.01	1.14	K0III
266.433333	-64.723889	6582	Eta Pav	160635	NA	3.62	1.19	K2II
272.145	-63.668333	6745	Pi  Pav	165040	10204	4.35	0.22	A7pSr
275.806667	-61.493889	6855	Xi  Pav	168339	10673	4.36	1.48	K4III
283.054167	-62.1875	7074	Lam Pav	173948	Lam Pav	4.22	-0.14	B2II-IIIe
302.181667	-66.181944	7665	Del Pav	190248	12790	3.56	0.76	G6-8IV
311.239583	-66.203056	7913	Bet Pav	197051	NA	3.42	0.16	A7III
								
#Columba
95.528333	-33.436389	2296	Del Col	44762	NA	3.85	0.88	G7II
94.137917	-35.140556	2256	Kap Col	43785	2897	4.37	1	K0.5IIIa
89.384167	-35.283333	2106	Gam Col	40494	NA	4.36	-0.18	B2.5IV
87.74	-35.768333	2040	Bet Col	39425	NA	3.12	1.16	K2III
89.786667	-42.815278	2120	Eta Col	40808	NA	3.96	1.14	K0III
87.74	-35.768333	2040	Bet Col	39425	NA	3.12	1.16	K2III
84.912083	-34.074167	1956	Alp Col	37795	2549	2.64	-0.12	B7IVe
79.37125	-34.895278	1743	Omi Col	34642	NA	4.83	1	K0IV
								
#Hydrus
29.6925	-61.569722	591	Alp Hyi	12311	NA	2.86	0.28	F0V
39.8975	-68.266944	806	Eps Hyi	16978	NA	4.11	-0.06	B9V
56.809583	-74.238889	1208	Gam Hyi	24512	NA	3.24	1.62	M2III
6.437917	-77.254167	98	Bet Hyi	2151	161	2.8	0.62	G2IV
29.6925	-61.569722	591	Alp Hyi	12311	NA	2.86	0.28	F0V
								
#Indus
309.391667	-47.291389	7869	Alp Ind	196171	NA	3.11	1	K0IIICNIII-IV
319.966667	-53.449722	8140	The Ind	202730	NA	4.39	0.19	A5V
329.479583	-54.9925	8368	Del Ind	208450	NA	4.4	0.28	F0IV
330.84	-56.786111	8387	Eps Ind	209100	NA	4.69	1.06	K4-5V
329.479583	-54.9925	8368	Del Ind	208450	NA	4.4	0.28	F0IV
319.966667	-53.449722	8140	The Ind	202730	NA	4.39	0.19	A5V
316.309167	-54.727222	8055	Mu  Ind	200365	NA	5.16	1.21	K2III
313.7025	-58.454167	7986	Bet Ind	198700	NA	3.65	1.25	K1II
								
#Dorado
64.006667	-51.486667	1338	Gam Dor	27290	Gam Dor	4.25	0.3	F4III
68.499167	-55.045	1465	Alp Dor	29305	Alp Dor	3.27	-0.1	A0IIISi
76.3775	-57.472778	1674	Zet Dor	33262	NA	4.72	0.52	F7V
83.40625	-62.489722	1922	Bet Dor	37350	Bet Dor	3.76	0.82	F6Ia
86.193333	-65.735556	2015	Del Dor	39014	NA	4.35	0.21	A7V
83.40625	-62.489722	1922	Bet Dor	37350	Bet Dor	3.76	0.82	F6Ia
88.525417	-63.09	2102	NA	40409	NA	4.65	1.05	K1III-IV
								
#Volans
135.611667	-66.396111	3615	Alp Vol	78045	NA	4	0.14	A2-3IVm
126.434167	-66.136944	3347	Bet Vol	71878	4088	3.77	1.13	K1III
121.9825	-68.617222	3223	Eps Vol	68520	NA	4.35	-0.11	B6IV
109.2075	-67.957222	2803	Del Vol	57623	NA	3.98	0.79	F6II
107.187083	-70.498889	2736	Gam2Vol	55865	3448	3.78	1.04	K0III
115.455	-72.606111	3024	Zet Vol	63295	NA	3.95	1.04	K0III
121.9825	-68.617222	3223	Eps Vol	68520	NA	4.35	-0.11	B6IV
								
#Vulpecula
289.054167	21.390278	7306	1    Vul	180554	11866	4.77	-0.05	B4IV
292.17625	24.665	7405	6Alp Vul	183439	12069	4.44	1.5	M0III
298.365417	24.079722	7592	13    Vul	188260	NA	4.58	-0.06	B9.5III
								
#Reticulum
63.60625	-62.473889	1336	Alp Ret	27256	NA	3.35	0.91	G8II-III
64.120417	-59.301944	1355	Eps Ret	27442	NA	4.44	1.08	K2IVa
59.68625	-61.400278	1247	Del Ret	25422	NA	4.56	1.62	M2IIIab
60.224167	-62.159444	1264	Gam Ret	25705	Gam Ret	4.51	1.65	M4III
56.05	-64.806944	1175	Bet Ret	23817	NA	3.85	1.13	K2+III
63.60625	-62.473889	1336	Alp Ret	27256	NA	3.35	0.91	G8II-III
								
#Tucana
336.833333	-64.966389	8540	Del Tuc	212581	14158	4.48	-0.03	B9.5V
334.625417	-60.259722	8502	Alp Tuc	211416	NA	2.86	1.39	K3III
349.3575	-58.235833	8848	Gam Tuc	219571	NA	3.99	0.4	F1III
359.979167	-65.577222	9076	Eps Tuc	224686	NA	4.5	-0.08	B9IV
5.017917	-64.874722	77	Zet Tuc	1581	NA	4.23	0.58	F9V
7.88625	-62.958056	126	Bet1Tuc	2884	NA	4.37	-0.07	B9V
349.3575	-58.235833	8848	Gam Tuc	219571	NA	3.99	0.4	F1III
								
#Chaemeleon
124.631667	-76.919722	3318	Alp Cha	71243	NA	4.07	0.39	F5III
125.160417	-77.484444	3340	The Cha	71701	NA	4.35	1.16	K2IIICN0.5
161.315417	-80.469722	4231	Del1Cha	93779	NA	5.47	0.95	K0III
184.58625	-79.312222	4674	Bet Cha	106911	5532	4.26	-0.12	B5Vn
158.867083	-78.607778	4174	Gam Cha	92305	4913	4.11	1.58	M0III
124.631667	-76.919722	3318	Alp Cha	71243	NA	4.07	0.39	F5III
								
#Octans
341.51375	-81.381667	8630	Bet Oct	214846	NA	4.15	0.2	A9IV-V
216.72875	-83.667778	5339	Del Oct	124882	6636	4.32	1.31	K2III
325.36875	-77.39	8254	Nu  Oct	205478	NA	3.76	1	K0III
341.51375	-81.381667	8630	Bet Oct	214846	NA	4.15	0.2	A9IV-V
								
#Leo Minor
163.327917	34.215	4247	46    LMi	94264	4999	3.83	1.04	K0+III-IV
156.970833	36.707222	4100	31Bet LMi	90537	NA	4.21	0.9	G9IIIab
151.8575	35.244722	3974	21    LMi	87696	4736	4.48	0.18	A7V
								
#Coma Berenices
197.497083	17.529444	4968	42Alp Com	114378	6116	5.22	0.45	F5V
197.968333	27.878056	4983	43Bet Com	114710	NA	4.26	0.57	F9.5V
186.734583	28.268333	4737	15Gam Com	108381	NA	4.36	1.13	K1IIIFe0.5
								
#Sculptor
14.651667	-29.3575	280	Alp Scl	5737	359	4.31	-0.16	B7IIIp
357.231667	-28.130278	9016	Del Scl	223352	NA	4.57	0.01	A0V
349.705833	-32.531944	8863	Gam Scl	219784	NA	4.41	1.13	K1III
353.242917	-37.818333	8937	Bet Scl	221507	14608	4.37	-0.09	B9.5IVpHgMnEu
								
#Fornax
48.017917	-28.986944	963	Alp For	20010	1074	3.87	0.52	F8V
42.2725	-32.405833	841	Bet For	17652	NA	4.46	0.99	K0-IIIFe-0.5
31.1225	-29.296944	612	Nu  For	12767	Nu  For	4.69	-0.17	B9.5pSi
								
#Equuleus
318.955833	5.247778	8131	8Alp Equ	202447	NA	3.92	0.53	G0III+A5V
320.723333	6.811111	8178	10Bet Equ	203562	NA	5.16	0.05	A3V
318.620417	10.006944	8123	7Del Equ	202275	NA	4.49	0.5	F5V+G0V
317.585417	10.131667	8097	5Gam Equ	201601	Gam Equ	4.69	0.26	F0IIIp
								
#Taurus
51.203333	9.028889	1030	1Omi Tau	21120	1134	3.6	0.89	G6IIIFe-1
051.792500	 9.732778	1038	  2Xi  Tau	 21364	         	 3.74	-0.09	  B9Vn
60.17	12.490278	1239	35Lam Tau	25204	Lam Tau	3.47	-0.12	B3V+A4IV
64.948333	15.6275	1346	54Gam Tau	27371	1553	3.65	0.99	K0-IIIabCN1
067.143750	+15.962222	1411	 77The1Tau	 28307	         	 3.84	 0.95	  K0IIIbFe-0.5
68.98	16.509167	1457	87Alp Tau	29139	Alp Tau	0.85	1.54	K5+III
84.41125	21.1425	1910	123Zet Tau	37202	Zet Tau	3	-0.19	B4IIIpe
								
64.948333	15.6275	1346	54Gam Tau	27371	1553	3.65	0.99	K0-IIIabCN1
65.73375	17.5425	1373	61Del1Tau	27697	1582	3.76	0.98	K0-IIICN0.5
67.154167	19.180278	1409	74Eps Tau	28305	NA	3.53	1.01	G9.5IIICN0.5
81.572917	28.6075	1791	112Bet Tau	35497	NA	1.65	-0.13	B7III
								
051.792500	 9.732778	1038	  2Xi  Tau	 21364	         	 3.74	-0.09	  B9Vn
060.789167	 +5.989167	1251	 38Nu  Tau	 25490	         	 3.91	 0.03	  A1V
								
60.17	12.490278	1239	35Lam Tau	25204	Lam Tau	3.47	-0.12	B3V+A4IV
063.883750	 +8.892222	1320	 49Mu  Tau	 26912	         	 4.29	-0.06	  B3IV
								
#Camelopardalis
52.47875	58.878611	1040	NA	21389	NA	4.54	0.56	A0Ia
52.267083	59.940278	1035	NA	21291	1152	4.21	0.41	B9Ia
57.38	65.526111	1155	NA	23475	BE Cam	4.47	1.88	M2+IIab
57.589583	71.332222	1148	Gam Cam	23401	NA	4.63	0.03	A2IVn
73.5125	66.342778	1542	9Alp Cam	30614	NA	4.29	0.03	O9.5Ia
75.854583	60.442222	1603	10Bet Cam	31910	NA	4.03	0.92	G1Ib-IIa
74.321667	53.752222	1568	7    Cam	31278	NA	4.47	-0.02	A1V
								
#Horologium
44.699167	-64.071389	909	Bet Hor	18866	NA	4.99	0.13	A3-5IIIm:
45.903333	-59.737778	934	Mu  Hor	19319	NA	5.11	0.34	F0IV
40.165	-54.55	802	Zet Hor	16920	NA	5.21	0.4	F4IV
39.351667	-52.543056	778	Eta Hor	16555	NA	5.31	0.27	A6V
40.639583	-50.800278	810	Iot Hor	17051	NA	5.41	0.56	G0V
43.470417	-49.890278	868	NA	18242	R Hor	4	2.11	M7IIIe
63.500417	-42.294444	1326	Alp Hor	26967	NA	3.86	1.1	K1III
62.710833	-41.993611	1302	Del Hor	26612	NA	4.93	0.33	A9V