_RAJ2000	_DEJ2000	GCVS	magMax	l_magMin	magMin	magCode	Period	SpType	HIP
  6.0081110138	+38.5770443664	R     And	 5.80	 	14.9	V	409.33	S3,5e-S8,8e(M7e) 	  1901
  5.5964527475	+26.9960364178	T     And	 7.70	 	14.5	V	280.76	M4e-M7.5e        	
 18.8724319968	+40.7195500258	U     And	 8.90	 	15.0	V	346.55	M6e              	
 12.5248065938	+35.6533034376	V     And	 9.00	 	15.2	V	257.73	M2e-M3e          	
 34.3873251326	+44.3049398162	W     And	 6.70	 	14.6	V	395.93	S6,1e-S9,2e/M4-M1	 10687
  4.0376816100	+47.0126663600	X     And	 8.30	 	15.2	V	346.18	S2,9e-S5,5e      	
 24.9030509581	+39.3441774680	Y     And	 8.20	 	15.1	V	220.53	M3e-M4.5e        	
 12.8460459450	+34.3771754600	RR    And	 8.40	 	15.6	V	328.15	S6.5,2e          	
 11.8288298803	+32.6857000554	RW    And	 7.90	 	15.7	V	430.30	M5e-M10e(S6,2e)  	
  1.0836445660	+40.1099573132	SV    And	 7.70	 	14.3	V	316.21	M5e-M7e          	   344
 23.3997238872	+46.5203468240	SX    And	 8.70	<	13.5	V	333.27	M6.5e            	
344.8439552181	+42.8647369097	SZ    And	 9.50	 	15.8	V	343.38	M2e              	
  8.0946990966	+26.0294335642	TU    And	 7.80	 	13.1	V	316.77	M5e              	  2546
 20.4931125572	+38.6952297812	TX    And	10.40	 	13.8	V	233.40	M1e              	
  3.5126954171	+29.0652457510	UW    And	 9.40	<	14.0	V	244.20	M5               	
 19.0560956834	+41.7394164296	UZ    And	 9.10	 	15.6	V	314.30	M7e-M9e          	
359.3833433850	+32.0391952300	YY    And	11.90	<	15.2	P	227.80	                 	
  6.8475851849	+30.8932918239	YZ    And	11.00	<	15.5	P	207.65	M5e              	
 31.5178834924	+40.7292167697	AH    And	11.00	<	14.2	P	480.20	M4-M5e           	
349.5052841639	+48.9753497568	AI    And	11.50	 	15.3	P	326.40	                 	
350.2925722486	+49.9928586539	AK    And	12.50	<	14.0	P	321.94	S:               	
349.4983971621	+46.7534228055	AO    And	11.20	 	14.0	V	334.20	                 	
 38.0914931813	+46.4726769700	AX    And	 9.60	 	15.0	V	379.40	                 	
352.7393474046	+43.2441066666	BG    And	10.80	<	15.0	P	285.30	S6.5,5e          	
345.2596432612	+50.0526929547	BP    And	13.40	<	16.5	P	141.60	                 	
350.9162497155	+39.7269204894	BU    And	10.60	<	13.9	P	382.15	M7e              	
 37.8614977257	+45.9068718428	CQ    And	12.10	<	13.3	P	177.50	M4               	
155.2879592203	-34.7885382174	V     Ant	 9.20	<	12.5	P	302.76	M7IIIe           	 50697
151.6760218257	-30.0771879503	X     Ant	 9.60	 	12.7	P	161.73	M2               	 49524
144.5269116766	-27.7250517939	RX    Ant	12.20	 	16.2	P	242.00	Me               	
146.7755541695	-27.6328618811	SV    Ant	12.80	<	16.0	P	297.00	                 	
156.4997696879	-38.5123316146	WW    Ant	11.00	<	12.5	P	263.24	Me               	
208.7982260011	-77.8276369578	T     Aps	 8.40	 	15.0	V	261.03	M3e              	
222.0104047096	-72.7715994315	TX    Aps	13.00	<	16.5	P	240.00	                 	
244.0716903156	-74.0011141587	VZ    Aps	 8.20	 	17.5	P	385.00	M5e              	
247.8157725737	-75.0446294052	WW    Aps	 9.00	 	16.8	P	267.00	M4(Ib)e          	
262.0086957450	-69.3394755462	XX    Aps	12.50	 	15.5	P	170.00	Me               	 85473
248.9069692265	-72.6060313148	CF    Aps	11.60	<	16.1	V	233.90	                 	
355.9560816595	-15.2845009336	R     Aqr	 5.80	 	12.4	V	386.96	M5e-M8.5e+pec    	117054
344.2770608554	-20.3432128706	S     Aqr	 7.60	 	15.0	V	279.27	M4e-M6e          	
312.4850324148	-05.1466596736	T     Aqr	 7.20	 	14.2	V	202.10	M2e-M5.5e        	102829
311.6050869615	-04.0842328035	W     Aqr	 8.40	 	14.9	V	381.10	M6-M8e           	
334.6638558198	-20.9011277114	X     Aqr	 7.50	 	14.8	V	311.65	S6,3e:(M4e-M6.5e)	110146
318.7555308824	-02.8958942882	RR    Aqr	 9.10	 	14.4	V	182.45	M2e-M4e          	
317.7421741997	-04.0278430129	RS    Aqr	 9.50	 	14.4	V	214.62	Me               	
335.8036250561	-22.0566091304	RT    Aqr	 8.80	 	13.1	V	246.30	M5e-M6e          	110509
316.5257954181	-00.2615438796	RV    Aqr	 8.70	<	15.0	V	453.50	C6-7,2-4(Ne)     	
320.7741977016	+00.8378159662	RW    Aqr	 8.70	 	13.6	V	139.57	M2e-M4e          	
334.9767724638	-14.4018826885	SS    Aqr	 8.60	 	13.2	V	192.60	M2e              	
316.7132919701	-01.3650641899	TX    Aqr	10.50	<	14.5	P	346.90	                 	
323.7207702243	+02.7028345162	WW    Aqr	10.50	 	14.5	P	241.18	                 	106565
333.8189219358	+01.6807397719	WY    Aqr	10.00	<	14.0	P	245.20	                 	
336.0692883900	-19.7868681900	AV    Aqr	12.00	<	16.5	P	251.30	                 	
320.7056305415	-02.7933597696	DL    Aqr	11.50	<	12.5	P	138.00	                 	
325.8713132669	-01.1154653437	DU    Aqr	11.80	<	16.0	P	372.00	                 	
309.7334173398	+00.9992900972	EU    Aqr	11.20	<	15.0	P	220.00	Me               	
286.5927121171	+08.2299967143	R     Aql	 5.50	 	12.0	V	284.20	M5e-M9e          	 93820
288.8473391524	-07.0473244097	W     Aql	 7.30	 	14.3	V	490.43	S3,9e-S6,9e      	
297.8707421000	+04.4641268026	X     Aql	 8.30	 	15.5	V	347.04	M6e              	
303.7960215249	-06.1510876447	Z     Aql	 8.20	 	14.8	V	129.22	M3e              	
299.4002598702	-01.8864744549	RR    Aql	 7.80	 	14.5	V	394.78	M6e-M9           	 98220
299.7779425310	-07.8862523990	RS    Aql	 8.70	 	15.4	V	410.12	M5e-M8           	
294.5066809591	+11.7217329493	RT    Aql	 7.60	 	14.5	V	327.11	M6e-M8e(S)       	 96580
303.1859609364	+12.9933533719	RU    Aql	 8.70	 	14.8	V	274.24	M5e              	
295.1931110357	+09.9600388485	RV    Aql	 8.10	 	15.0	V	218.60	M2e-M7:e         	
296.3308354779	+08.4052303065	RX    Aql	13.00	 	17.5	P	206.00	                 	
293.1188725329	+10.4881331526	SS    Aql	13.30	 	16.0	P	148.00	M6               	
293.9989009523	+04.1300297489	SU    Aql	12.40	<	16.0	P	393.00	S                	
297.6973653218	+12.8270896504	SW    Aql	13.30	 	16.0	P	247.00	                 	
301.7953965766	+12.9070542024	SY    Aql	 8.30	 	15.4	V	355.92	M5e-M7e          	
291.9013287721	+02.0556818136	TU    Aql	10.30	 	16.0	P	270.39	M4-M9            	
303.2066777470	+06.3000754340	TV    Aql	 9.90	<	14.0	V	243.22	M4e              	
303.6627267619	+04.7846091110	WZ    Aql	11.10	<	14.0	P	316.40	M4-M6ep          	
288.7585186457	+04.3011664826	XY    Aql	 9.50	 	17.0	V	423.40	M8               	
291.4229826308	-06.9546828115	ZZ    Aql	12.70	 	17.1	P	145.50	Me               	
285.1441633727	-06.9511434989	AK    Aql	10.80	<	17.0	P	298.00	M6e              	
286.8802332974	-08.2579990393	CN    Aql	11.50	 	15.0	P	358.00	                 	
295.3158494484	+01.3552204410	DT    Aql	11.00	<	16.0	P	288.00	M4               	
289.3571659435	-00.1916538149	FP    Aql	10.80	<	15.8	P	333.60	M8               	
292.6635937374	+02.1557770451	GH    Aql	14.30	<	17.3	P	146.00	                 	
292.9651223779	+00.6018376436	GK    Aql	13.60	<	16.8	P	196.00	                 	
293.3796948375	+01.5832312718	GO    Aql	13.40	<	17.4	P	154.80	                 	
285.0859886715	-08.6934424964	HS    Aql	13.60	 	16.7	P	267.00	M6               	
293.7843055050	+09.1062654085	KZ    Aql	12.70	 	16.0	P	330.00	                 	
294.9560944390	+12.6422868393	LY    Aql	13.50	<	17.4	P	432.00	                 	
297.8728760874	+14.9622118601	OW    Aql	12.30	 	14.8	P	194.40	N                	
304.5567470432	-06.1433981449	PY    Aql	11.00	<	12.5	P	120.00	Me               	
295.7669941887	+02.4337456007	QT    Aql	12.90	 	17.0	P	157.60	M3III:e          	
296.8590112216	+08.5448425010	QU    Aql	13.50	<	15.5	P	607.00	Se               	
305.3264612700	+01.3201367800	V0335 Aql	11.60	<	16.0	P	177.00	M1III:e          	
293.8669654869	+06.7499274931	V0386 Aql	12.70	 	18.5	P	334.80	M6-M9            	
294.9691883817	-00.5679375139	V0396 Aql	13.20	<	16.2	P	395.00	                 	
295.0578978741	+05.3477104862	V0397 Aql	13.40	 	17.5	P	183.60	                 	
295.4104648369	+01.8325800000	V0400 Aql	14.20	<	17.0	P	641.00	                 	
297.0407338442	+06.3313003922	V0422 Aql	14.00	 	18.0	P	247.90	M3III:e          	
299.8012387773	+06.1099044096	V0430 Aql	13.50	<	15.5	P	266.00	                 	
300.2557061802	+10.9763027221	V0432 Aql	13.00	<	15.5	P	248.00	M4e              	
301.1256401536	+11.7246834293	V0436 Aql	12.50	<	15.5	P	285.00	M4e              	
301.1200651995	+13.7375686136	V0437 Aql	13.50	<	15.5	P	192.00	                 	
301.1914005681	+07.6999996749	V0438 Aql	12.50	<	15.5	P	279.00	M3III:e          	
302.4690504804	+12.7711784026	V0442 Aql	12.50	<	15.5	P	308.00	M6.5             	
295.3055573744	+07.4072134746	V0456 Aql	13.10	 	16.4	P	350.00	                 	
301.6456651753	+10.8305379733	V0466 Aql	12.00	<	15.5	P	428.00	M5               	
299.0137083721	+14.4869943322	V0498 Aql	12.90	<	16.3	P	294.00	                 	
299.7743658233	-01.4110441746	V0503 Aql	12.50	<	16.0	P	138.20	                 	
300.8249856048	-01.5585229132	V0507 Aql	14.20	<	16.5	P	268.00	                 	
302.8106392460	-04.2825062614	V0514 Aql	13.00	 	16.0	P	291.00	                 	
303.4335021108	+02.9322317756	V0517 Aql	12.70	<	16.5	P	305.00	                 	
303.6498151625	-01.1691402408	V0519 Aql	12.70	<	16.5	P	350.00	Me               	
290.1500570250	-01.2703731500	V0530 Aql	12.90	 	19.0	P	366.00	                 	
293.1518786939	+10.9681266807	V0533 Aql	13.90	<	16.3	P	354.00	                 	
297.0576871050	+02.6522591300	V0540 Aql	13.80	 	18.5	P	308.50	                 	
297.3649859154	-02.0245944825	V0545 Aql	13.50	<	16.0	P	243.50	                 	
302.1512338205	-04.4773808761	V0580 Aql	12.50	 	18.5	P	150.20	Me               	
302.0865789878	+00.8603619921	V0581 Aql	12.50	<	17.0	P	215.80	                 	
305.4080650634	+00.6802012754	V0595 Aql	12.50	<	16.0	P	241.30	                 	
293.8400380606	+00.6791376667	V0607 Aql	14.10	<	18.5	P	474.00	M9               	
293.5105851517	+09.1528570982	V0626 Aql	13.80	<	16.2	P	142.00	                 	
296.4700578013	+00.4428123899	V0671 Aql	13.80	 	18.0	P	221.00	                 	
297.8603747477	+14.2752597906	V0704 Aql	12.20	 	15.8	P	281.00	                 	
298.1201142629	+16.0417476690	V0707 Aql	13.90	<	16.5	P	259.00	                 	
288.1717718234	-00.4572417118	V0811 Aql	14.80	<	16.8	P	146.10	                 	
305.9776756164	+00.9457757540	V0865 Aql	 9.50	 	13.9	P	364.80	M6-M7(S7,5e:)    	100599
284.0792098070	-00.3288440335	V0867 Aql	13.40	 	16.2	P	195.16	                 	
297.3979268694	-02.3557679817	V0893 Aql	12.00	<	16.5	P	316.70	M2III:e          	
288.9774627055	-01.4436694481	V1116 Aql	14.80	<	17.5	P	860.00	                 	
295.1853283311	-00.1874589190	V1147 Aql	14.20	<	17.0	P	208.00	                 	
292.2961381651	+03.4264129700	V1242 Aql	15.60	<	17.5	P	229.50	                 	
268.4067389126	-51.6873132096	U     Ara	 7.70	 	14.1	V	225.21	M3IIep-M5e       	
249.1027894727	-55.4147883542	X     Ara	 9.00	 	14.5	P	175.78	M5e-M7eII-III    	 81309
249.7728486322	-59.8063864501	Y     Ara	 9.80	<	13.0	P	241.30	M2e-M6e          	
253.5554403545	-56.2650041078	Z     Ara	10.00	 	13.5	P	288.73	M3e-M5e          	 82695
262.0347346083	-49.9210579350	RR    Ara	10.70	 	13.8	P	205.50	M3e              	
257.7807462000	-61.9542190572	SZ    Ara	11.00	 	15.0	P	220.50	Ce(R-NB)         	 84059
270.9822214988	-47.2332354908	TT    Ara	11.00	<	14.0	P	175.00	M6e              	
252.3914594498	-53.6734123935	TV    Ara	12.00	<	15.0	P	367.00	M2e              	 82348
266.8709368149	-53.8418457244	UU    Ara	12.30	 	16.8	P	188.50	                 	
256.6486346486	-59.0587851506	CH    Ara	10.90	 	16.8	P	250.20	Me               	
261.7976339226	-61.0880263621	EP    Ara	13.50	<	16.5	P	242.20	                 	 85407
249.3713874375	-52.9426833983	LO    Ara	11.60	<	13.5	P	282.00	                 	
265.2525303603	-53.5274550617	V0639 Ara	11.20	 	16.0	P	314.60	Me               	 86532
 34.0296364476	+25.0565683233	R     Ari	 7.40	 	13.7	V	186.78	M3e-M6e          	 10576
 31.1547856314	+12.5282537657	S     Ari	 9.80	 	15.8	V	292.15	M4e-M6.5e        	
 47.7626581851	+14.8000699790	U     Ari	 7.20	 	15.2	V	371.13	M4e-M9.5e        	
 47.0509338900	+26.9889987500	Z     Ari	11.00	<	14.0	P	339.09	M5               	
 41.1879027300	+12.3200257300	RU    Ari	11.40	<	15.2	P	353.50	M10              	
 79.3237074854	+53.5861213282	R     Aur	 6.70	 	13.9	V	457.51	M6.5e-M9.5e      	 24645
 85.5512107152	+32.0542430742	U     Aur	 7.50	 	15.5	V	408.09	M7e-M9e          	
 96.0097460947	+47.7066319479	V     Aur	 8.50	 	13.0	V	353.00	C6,2e(N3e)       	 30449
 81.7652126197	+36.9110278379	W     Aur	 8.00	 	15.3	V	274.27	M3e-M8e          	
 93.0557674816	+50.2279000712	X     Aur	 8.00	 	13.6	V	163.79	M3e-M7e          	 29441
 93.0096538025	+43.1975093693	RR    Aur	 8.20	 	15.0	V	307.87	M3e-M7e          	
 85.0328832801	+37.6362865397	RU    Aur	 9.00	 	16.0	V	466.47	M7e-M9e          	 26675
 69.5002123517	+31.3403235001	SW    Aur	13.30	 	17.0	P	309.85	                 	
 85.4832518717	+38.9335884444	SZ    Aur	10.20	 	14.8	P	454.04	M8e              	
 80.4538592637	+32.5110495994	UV    Aur	 7.40	 	10.6	V	394.42	C6,2-C8,2Jep(Ne) 	
112.1270174491	+40.9703856805	VX    Aur	 9.60	<	12.5	P	322.25	M4e-M6           	 36314
 92.4416016535	+46.5382036587	VY    Aur	11.80	<	14.8	P	402.10	                 	
 81.7678164385	+50.1244737661	AC    Aur	10.20	 	14.8	P	311.00	M5e              	
 73.5625026176	+49.9000917012	AU    Aur	13.00	 	15.8	P	400.00	C6-7,3e(N0e)     	 22796
 85.0043210400	+28.7147432600	AW    Aur	12.00	<	16.0	P	695.00	M5-M9            	
 89.0515631437	+32.1514527211	AY    Aur	12.00	<	15.5	P	186.80	M6               	
 90.2286329687	+39.6824013924	AZ    Aur	10.50	<	17.7	B	415.92	C7,1e-C8,2-3(N0e)	
 88.5932289280	+31.4034895382	BN    Aur	13.60	 	18.5	P	136.00	                 	
 91.1336229527	+29.8292956494	BT    Aur	13.00	 	18.5	P	560.00	M8:              	
 77.6378320785	+32.1386447025	DT    Aur	13.30	 	17.6	P	169.00	                 	
 73.3149268452	+41.8158625208	EY    Aur	11.50	 	14.4	P	270.00	M6               	
 88.7456420953	+40.5711581874	GN    Aur	14.00	<	15.5	P	253.00	                 	
 96.5440785603	+50.4393428254	GO    Aur	10.70	<	13.0	P	294.96	                 	
 85.1235224250	+46.8948641200	GU    Aur	13.10	<	15.0	P	217.00	                 	
109.2010831524	+39.6501384132	HT    Aur	11.50	<	13.0	P	297.00	                 	
219.2982393886	+26.7365731076	R     Boo	 6.20	 	13.1	V	223.40	M3e-M8e          	 71490
215.7205194240	+53.8103685899	S     Boo	 7.80	 	13.8	V	270.73	M3e-M6e          	 70291
211.6231756428	+13.4848384072	Z     Boo	 8.20	 	15.0	V	281.14	M5e-M6e          	
221.7741094023	+39.3170756194	RR    Boo	 8.30	 	13.9	V	194.70	M2e-M6e          	 72300
229.3112891032	+36.3592847239	RT    Boo	 8.30	 	13.9	V	273.86	M6.5e-M8e        	 74802
218.3679144317	+17.6129666875	CO    Boo	12.50	<	13.5	P	279.00	                 	
 70.1253600533	-38.2352640928	R     Cae	 6.70	 	13.7	V	390.95	M6e              	 21766
214.4625980868	+83.8316216032	R     Cam	 6.97	 	14.4	V	270.22	S2,8e-S8,7e      	
 70.0369365476	+66.1468370892	T     Cam	 7.30	 	14.4	V	373.20	S4,7e-S8.5,8e    	
 90.6345345072	+74.5075532394	V     Cam	 7.70	 	16.0	V	522.45	M7e              	
 71.4258135325	+75.1009712036	X     Cam	 7.40	 	14.2	V	143.56	K8-M8e           	 22127
 98.8306685044	+64.0927415346	RT    Cam	10.20	<	14.0	P	366.31	M6e              	
 99.4096980363	+73.8898383369	SU    Cam	 8.90	 	12.6	V	285.03	M5               	
214.7604145776	+81.0544556874	UZ    Cam	12.40	<	14.5	P	225.64	M3               	
 69.9172987075	+79.1700553369	WY    Cam	11.40	<	15.1	P	406.96	S2e              	
124.1409422219	+11.7262404658	R     Cnc	 6.07	 	11.8	V	361.60	M6e-M9e          	 40534
128.9424439924	+18.8971590474	U     Cnc	 8.50	 	15.5	V	304.78	M2e              	
125.4287636226	+17.2852928278	V     Cnc	 7.50	 	13.9	V	272.13	S0e-S7,9e        	 40977
137.4692297286	+25.2482776118	W     Cnc	 7.40	 	14.4	V	393.22	M6.5e-M9e        	 44995
122.7631039409	+23.1484624724	RR    Cnc	 9.80	 	15.0	P	298.26	M3e              	
125.3757757380	+14.0438221493	SZ    Cnc	10.20	 	15.1	P	319.15	M2               	
123.5781775306	+08.5735075322	TV    Cnc	10.60	 	13.6	P	366.70	M7               	 40351
207.2376732251	+39.5425482289	R     CVn	 6.50	 	12.9	V	328.53	M5.5e-M9e        	 67410
187.5516813774	+31.5033501751	T     CVn	 7.60	 	12.6	V	290.09	M6.5e            	 61009
191.8677442733	+38.3999303378	U     CVn	 8.80	<	12.5	P	345.65	M7e              	
207.1777485750	+33.6844206000	RT    CVn	12.00	 	16.0	P	253.60	M5e              	
100.9196050138	-31.7823668276	V     CMa	10.30	 	13.3	P	242.54	Me               	
105.3579464413	-19.0340000533	SU    CMa	10.00	<	12.9	V	248.00	M6.5             	
107.6064071221	-19.8322997907	SY    CMa	10.40	 	14.3	P	220.00	M4-6             	
 94.5510099751	-16.4550809756	TY    CMa	11.50	<	14.0	P	228.00	                 	
105.6614785135	-23.8716205174	BI    CMa	13.50	<	15.5	P	131.00	M5e              	
107.1775498037	+10.0240198687	R     CMi	 7.25	 	11.6	V	337.78	C7,1Je(CSep)     	 34474
113.1794582639	+08.3181013308	S     CMi	 6.60	 	13.2	V	332.94	M6e-M8e          	 36675
113.5017459082	+11.7370581053	T     CMi	 9.50	 	15.1	V	328.30	M4Se-M8          	
115.3334587117	+08.3802979281	U     CMi	 8.00	 	14.0	V	413.88	M4e              	 37459
106.7320702844	+08.8601149664	V     CMi	 7.40	 	15.1	V	366.10	M4e-M10          	
116.3120422200	+01.2110697000	UW    CMi	13.70	<	16.4	P	340.00	                 	
117.8448783750	+03.5427771483	VV    CMi	11.60	<	19.0	P	334.00	                 	
118.5508810436	+01.8030377778	VX    CMi	11.80	<	16.4	P	272.70	Me               	
107.8117922948	+04.0981609836	WW    CMi	13.00	<	15.5	P	176.40	                 	
107.9466433254	+07.4753348832	WX    CMi	11.00	 	15.8	P	420.10	Se               	
109.0374696019	+03.6701987592	WY    CMi	13.00	 	16.0	P	274.00	                 	
109.6933874513	+02.7455332143	WZ    CMi	13.00	<	15.5	P	316.00	                 	
320.5034282230	-15.1592053436	T     Cap	 8.40	 	14.3	V	269.28	M2e-M8.2         	105498
316.9027365156	-23.9203873075	V     Cap	 8.20	 	14.4	V	275.72	M5e-M8.2         	104285
303.6432713308	-22.0377283669	W     Cap	11.00	 	15.0	V	209.67	M5e-M8.0         	
317.6563587963	-16.1736546876	Z     Cap	 8.60	 	15.0	V	181.48	M2e-M7.0         	
315.5865637326	-27.0874671935	RR    Cap	 7.80	 	15.5	V	277.54	M5e-M8.5         	
302.1196074160	-09.2776531043	SS    Cap	11.90	<	16.0	P	252.60	                 	
310.1337628233	-17.0579083792	TX    Cap	10.90	<	14.5	P	129.35	M4e              	
143.0608335386	-62.7888728256	R     Car	 3.90	 	10.5	V	308.71	M4e-M8e          	 46806
152.3412250612	-61.5490107596	S     Car	 4.50	 	 9.9	V	149.49	K5e-M6e          	 49751
139.9409925546	-68.7485560843	RW    Car	 8.50	 	15.0	V	318.62	M4e-M7e          	
159.2588999861	-62.3040967478	RX    Car	12.00	<	14.0	P	332.80	MS               	
158.9032238259	-70.7174777932	RZ    Car	 8.80	<	15.0	V	272.77	M4e-M8e          	
153.4222583787	-60.8586935314	SU    Car	10.00	 	17.5	P	575.60	M5-M8e           	
141.7437715940	-73.5435153126	UU    Car	 9.90	<	12.9	P	197.68	M3e              	
160.2607026089	-59.3441564894	FU    Car	15.00	<	17.0	P	365.00	Cea              	
359.6036050956	+51.3887997757	R     Cas	 4.70	 	13.5	V	430.46	M6e-M10e         	118188
 20.0151030022	+72.5650832638	S     Cas	 7.90	 	16.1	V	612.43	S3,4e-S5,8e      	
  5.8094584062	+55.7925610108	T     Cas	 6.90	 	13.0	V	444.83	M6e-M9.0e        	  1834
 11.6553344796	+48.2619511147	U     Cas	 8.00	 	15.7	V	277.19	S3,5e-S8,6e      	
347.9196617938	+59.6997169101	V     Cas	 6.90	 	13.4	V	228.83	M5e-M8.5e        	114515
 13.7243599104	+58.5636472322	W     Cas	 7.80	 	12.5	V	405.57	C7,1e            	  4284
 29.1587565517	+59.2593548303	X     Cas	 9.45	 	13.2	V	422.84	C5,4e(N1e)       	  9057
  0.8925000316	+55.7110902824	Y     Cas	 8.70	 	15.3	V	413.48	M6e-M8.5e        	
356.1497548753	+56.6141639191	Z     Cas	 8.50	 	15.4	V	495.71	M7e              	
358.9540004289	+53.7249645662	RR    Cas	 9.50	 	14.7	V	300.07	M5e              	
 13.1763634554	+47.4151787358	RV    Cas	 7.30	 	16.1	V	331.68	M4.5e-M9.5e      	
  2.4022156009	+51.5668987758	SS    Cas	 8.80	 	13.3	V	140.57	M3e-M8e          	   781
 26.2408741360	+72.8658398021	AI    Cas	13.20	<	18.0	P	302.50	                 	
 14.9868605817	+60.7358955996	AV    Cas	13.50	<	17.8	P	322.00	M8               	
 17.8540948831	+53.7096291275	HV    Cas	12.90	 	17.2	P	527.00	C4,3-5,4e(Ne)    	
  0.6960618692	+48.6463736919	IW    Cas	11.40	<	14.7	P	396.38	S4.5,9e          	
 24.4936179800	+55.9574100079	PT    Cas	15.40	<	17.5	P	300.00	C6-,4            	
214.1429974625	-59.9136927925	R     Cen	 5.30	 	11.8	V	546.20	M4e-M8IIe        	 69754
188.3781309426	-54.6593758490	U     Cen	 7.00	 	14.0	V	220.28	M3II:e-M5IIe     	 61286
178.7555223553	-59.2537600300	W     Cen	 7.60	 	13.7	V	201.57	M3e-M8(III)e     	 58107
177.2991064808	-41.7575763871	X     Cen	 7.00	 	13.8	V	315.10	M5e-M6.5e        	 57642
170.1162083488	-61.8768909003	RS    Cen	 7.75	 	14.1	V	164.37	M1Ibe-M5(III)e   	
207.0872770855	-36.8625619592	RT    Cen	 8.10	 	13.6	V	255.02	M6II:e           	 67359
204.4002259487	-56.4764012689	RV    Cen	 7.00	 	10.8	V	446.00	N3e              	 66466
207.8560414057	-36.9438079924	RX    Cen	 8.70	<	15.0	V	327.90	M5e              	 67626
222.4885525535	-42.5229785869	RY    Cen	10.50	 	16.4	P	327.50	M5e              	
199.8984945436	-60.8303671226	TT    Cen	11.50	<	16.5	P	462.00	CSe              	
218.5051331408	-31.6945390250	TU    Cen	 9.50	 	14.5	P	293.90	M4e-M7e          	
209.4299157650	-31.0697288032	TW    Cen	 8.80	<	12.6	P	269.27	M4e-M8II:        	
175.2377211073	-57.6583783565	UV    Cen	10.10	<	13.5	P	274.30	Me               	
176.5018066620	-61.8867511839	VV    Cen	10.20	 	17.1	B	199.00	M2:e-M4e         	
186.0500087817	-35.6337772099	XZ    Cen	 7.80	 	10.7	V	290.70	M5e              	 60502
211.2496614750	-35.4973422432	AQ    Cen	 9.30	<	13.5	P	387.50	Me               	
198.2743742420	-51.1929991919	DG    Cen	12.40	 	16.4	P	185.00	Me               	
199.5088633299	-41.7159135139	V0497 Cen	10.80	<	13.5	P	335.00	Me               	
213.3471714390	-41.0210296957	V0506 Cen	14.00	<	16.3	P	257.00	                 	
214.3962299031	-37.6778464571	V0511 Cen	12.80	 	15.5	P	240.00	                 	
196.2099271930	-35.5908169062	V0603 Cen	11.10	<	13.4	P	253.00	K0               	
181.8660545592	-43.8322160161	V0650 Cen	13.00	<	15.0	P	300.00	Me               	
203.1285009746	-63.3183991712	V0702 Cen	11.90	<	16.0	P	470.00	                 	
201.5518184100	-47.4102749600	V0825 Cen	13.10	 	16.1	P	235.74	Me               	
323.8034634074	+78.6244981789	S     Cep	 7.40	 	12.9	V	486.84	C7,4e(N8e)       	106583
317.3824188650	+68.4908912279	T     Cep	 5.20	 	11.3	V	388.14	M5.5e-M8.8e      	104451
314.0320239097	+83.0586324677	X     Cep	 8.10	 	16.0	V	535.19	M4.5e:-M7e       	
  9.5838502542	+80.3568587536	Y     Cep	 8.10	 	16.0	V	332.57	M5e-M8.2e        	
 36.5652995545	+81.6801642343	Z     Cep	10.10	 	15.7	V	279.16	M2e-M8.2         	
 40.8152557712	+81.1395572564	RR    Cep	 9.00	 	15.5	V	384.18	M5e-M8.8e        	
  3.2937206081	+73.8631608029	RV    Cep	11.50	 	16.0	P	272.45	M2e-M7           	
350.3105052350	+78.9588500346	RY    Cep	 8.60	 	13.6	V	149.06	Ke-M0e           	
347.0526388075	+70.6058396566	UZ    Cep	11.30	<	15.0	P	303.50	M4-M5            	
332.8236494907	+55.3084833864	AB    Cep	12.00	 	15.5	P	324.50	M8e              	
342.3414052279	+58.5511239102	AL    Cep	10.90	 	14.5	P	277.30	M5-M6.5e         	
330.1623333428	+82.3869068821	AY    Cep	11.00	<	14.5	V	281.00	                 	
307.8977778839	+62.9844182756	BF    Cep	10.00	<	14.5	V	430.14	M7               	
320.0121688090	+77.8727623230	GH    Cep	12.50	 	15.5	P	331.00	M3               	
 36.5096590021	-00.1782784937	R     Cet	 7.20	 	14.0	V	166.24	M4e-M9           	 11350
  6.0148453101	-09.3279433217	S     Cet	 7.60	 	14.7	V	320.45	M3e-M6.5e:       	
 38.4319733949	-13.1484670461	U     Cet	 6.80	 	13.4	V	234.76	M2e-M6e          	 11910
359.4755232564	-08.9591893349	V     Cet	 8.60	 	14.8	V	257.82	M3e              	
  0.5308032482	-14.6758494883	W     Cet	 7.10	 	14.8	V	351.31	S6,3e-S9,2e      	
 49.8586153698	-01.0656078632	X     Cet	 8.40	 	13.0	V	177.14	M2e(S)-M6e       	 15465
 16.6880228864	-01.4814174687	Z     Cet	 8.40	 	14.2	V	184.81	M1e-M6.5e        	
 34.0003431858	-20.5195920731	RY    Cet	10.50	<	13.5	P	374.00	M5e-M7           	
 34.8366188376	-02.9775233035	omi   Cet	 2.00	 	10.1	V	331.96	M5e-M9e          	 10826
125.4437298608	-76.3550864236	R     Cha	 7.50	 	14.2	V	334.58	M4e-M7e          	
207.2457636984	-82.6974326015	U     Cha	11.00	<	13.5	P	341.30	                 	
215.2172363323	-67.5155654168	UZ    Cir	11.10	 	15.8	P	538.00	                 	
 87.6360124937	-29.2410860149	R     Col	 7.80	 	15.0	V	327.62	M3e-M7           	
 86.7346193018	-31.6912175006	S     Col	 8.90	 	14.2	V	325.85	M6e-M8           	 27286
 79.8222195968	-33.7080809172	T     Col	 6.60	 	12.7	V	225.84	M3e-M6e          	 24824
181.0633077501	+18.7824248374	R     Com	 7.10	 	14.6	V	362.82	M5e-M8ep         	 58854
194.6653418250	+23.1399058000	T     Com	11.50	 	15.6	B	406.00	M2:-M8-9eIII     	
280.2792416373	-37.8363951215	U     CrA	 9.90	 	14.3	P	147.50	M2Ibe            	
271.4525554330	-38.2660759769	RR    CrA	 9.80	<	14.0	P	280.10	M2e-M7II-IIIe    	
275.5430055308	-44.8670631468	RY    CrA	12.10	<	14.0	P	195.00	M4e              	
287.1360797021	-42.3795811804	RZ    CrA	 9.90	<	13.5	P	460.00	M6e              	
272.9697002686	-42.5552758531	TW    CrA	13.00	 	17.0	P	185.90	                 	
284.3750639550	-37.8015509500	UX    CrA	10.90	<	17.0	P	347.50	M(6:)e           	
283.2670793699	-38.0841605511	UZ    CrA	12.00	<	16.0	P	107.00	                 	
280.2353141415	-37.0755462339	YY    CrA	10.80	 	16.5	P	125.88	M3Ibe            	
273.6235752138	-38.5508246667	V0358 CrA	14.20	<	16.5	P	208.00	                 	
282.9068098420	-38.1271382582	V0384 CrA	10.30	 	15.0	P	203.00	Me               	
283.1313619844	-37.3469058228	V0390 CrA	11.30	 	15.0	P	179.00	                 	
270.8413563792	-41.9034364260	V0473 CrA	12.20	 	15.5	P	134.00	Me               	
279.2791819327	-44.1960652997	V0638 CrA	12.20	<	15.5	P	317.00	                 	
286.0094208750	-41.2873119900	V0650 CrA	12.80	 	15.5	P	332.00	                 	
230.3498134996	+31.3673792726	S     CrB	 5.80	 	14.1	V	360.26	M6e-M8e          	 75143
237.3804656636	+39.5716367410	V     CrB	 6.90	 	12.6	V	357.63	C6,2e(N2e)       	 77501
243.8522950768	+37.7956181029	W     CrB	 7.80	 	14.3	V	238.40	M2e-M5e          	
237.2230278699	+36.2479434056	X     CrB	 8.50	 	14.2	V	241.17	M5e-M7e          	 77460
238.9887245719	+29.2410101332	Z     CrB	 8.80	 	15.5	V	250.68	M4e-M5e          	
184.9078053425	-19.2560716171	R     Crv	 6.70	 	14.4	V	317.03	M4.5e-M9:e       	 60106
189.2740774650	-17.5186161300	T     Crv	11.60	<	16.6	P	401.34	M6e              	
188.7584757455	-18.4608877371	U     Crv	10.10	<	15.0	P	283.42	M5e              	
190.0773815911	-17.6159487073	V     Crv	11.70	<	15.5	P	193.63	M2e              	
179.9434408200	-13.2484079400	ST    Crv	11.70	<	15.0	P	224.60	                 	
185.3577580009	-21.9549351632	SU    Crv	12.20	 	16.0	P	351.50	Me               	
170.0915140393	-24.8757117883	Y     Crt	10.20	<	15.0	P	158.36	M3e-M5e          	
165.4797525474	-07.6615952974	RT    Crt	10.80	 	14.0	P	342.70	M8               	 53915
194.1481742061	-57.8991738112	V     Cru	10.40	 	13.9	B	376.50	Ce(Ne)           	 63175
184.0699616856	-56.2860071290	BH    Cru	 7.20	 	10.0	V	421.00	SC4.5/8-e-SC7/8-e	 59844
294.2056773876	+50.1999326493	R     Cyg	 6.10	 	14.4	V	426.45	S2.5,9e-S6,9e(Tc)	
301.3757725708	+57.9981859157	S     Cyg	 9.30	 	16.0	V	322.93	S2.5,1e(M3.5-M7e)	
304.9025048137	+47.8941909190	U     Cyg	 5.90	 	12.1	V	463.24	C7,2e-C9,2(Npe)  	100219
310.3261277984	+48.1413429849	V     Cyg	 7.70	 	13.9	V	421.27	C5,3e-C7,4e(Npe) 	102082
300.3646280563	+50.0423971310	Z     Cyg	 7.10	 	14.7	V	263.69	M5e-M9e          	
295.9073689409	+48.7781471894	RT    Cyg	 6.00	 	13.1	V	190.28	M2e-M8.8eIb      	 97068
308.1394593864	+54.9501146978	ST    Cyg	 9.40	 	14.5	V	337.29	M5.5e-M8.0e      	
303.9231354990	+31.0659969074	SX    Cyg	 8.20	 	15.2	V	411.02	M7e              	
296.5754266802	+49.1011105117	TU    Cyg	 8.70	 	15.5	V	219.44	M3e-M6e          	
316.4976713795	+29.4068193257	TW    Cyg	 8.90	 	15.0	V	340.86	M6.5-M10ep       	
293.4477755947	+28.3496163958	TY    Cyg	 9.00	 	15.0	V	349.00	M6e-M8e          	
313.7729843612	+30.4144592083	UX    Cyg	 9.00	 	16.5	V	565.00	M4e-M6.5e        	
304.6386456308	+37.4497354244	WX    Cyg	 8.80	 	13.2	V	410.45	C8,2JLi(N3e)     	100113
327.1757561401	+44.2495198958	WY    Cyg	 9.50	 	17.0	P	304.54	M5e-M6e          	
298.3632869469	+37.0382840615	AG    Cyg	11.20	 	17.0	V	296.30	M6-M8.2          	
312.2535357725	+31.8488271357	AM    Cyg	11.30	 	14.5	P	370.60	M6e              	102732
314.3593672958	+33.1968448829	AT    Cyg	11.20	<	15.0	P	264.10	M5e              	
319.5762052450	+28.6677238983	BB    Cyg	11.00	<	14.2	P	259.71	                 	
294.7405862429	+28.5129488660	BG    Cyg	 9.00	 	12.8	V	288.00	M7e-M8e          	 96647
322.7397692100	+46.4935704000	BL    Cyg	12.90	 	17.0	P	352.46	M6.5             	
326.1222135893	+46.4811978706	BN    Cyg	11.80	 	17.5	P	174.30	M4e              	
297.9163604877	+53.6354420832	BS    Cyg	11.00	<	16.0	P	426.70	C6-7,-e(Nep)     	
300.0501193595	+50.6841986492	BT    Cyg	12.00	<	16.0	P	272.50	                 	
301.4128127815	+50.3329022592	BU    Cyg	10.20	 	14.5	V	157.87	M0               	
304.4735250886	+59.7926765087	CN    Cyg	 7.30	 	15.0	V	198.53	M2-M7e(S)        	100048
317.0248786415	+32.2298461736	CT    Cyg	10.50	<	13.3	V	282.28	M7               	
298.1029020967	+55.3603606806	CU    Cyg	 9.50	 	14.1	V	213.60	M6e              	
318.0559163427	+28.8127038739	CZ    Cyg	10.00	<	13.3	V	278.00	                 	
292.8808681352	+34.7049512292	DD    Cyg	10.50	<	13.0	P	147.60	M0e              	 96031
310.9592066834	+38.1632071376	DR    Cyg	 9.30	<	15.5	P	313.88	M5e              	
318.1789237344	+36.7382948207	DU    Cyg	 9.80	 	14.2	V	108.21	M4               	
290.4260625133	+29.7574663149	DV    Cyg	12.40	 	16.0	P	149.50	                 	
294.1993135203	+28.1497753832	EH    Cyg	11.80	 	16.5	P	280.70	M4ea:-M8         	
296.3673487903	+31.4749809965	EQ    Cyg	13.80	<	18.0	P	349.10	M3-M8            	
309.7154009103	+37.8897909097	FF    Cyg	 8.20	 	14.2	V	323.82	S6,8e(M4e)       	
292.5252616837	+29.9507003068	FM    Cyg	12.20	<	17.2	P	269.70	M7-M9            	
293.1643265593	+33.1866414801	FP    Cyg	14.00	<	17.0	P	211.50	                 	
293.4224516427	+40.5243895069	HP    Cyg	13.00	 	17.4	P	250.00	                 	
295.1872554372	+36.1051491875	HZ    Cyg	13.00	<	15.5	P	180.00	                 	
300.0582359697	+36.0893266329	KM    Cyg	11.40	 	19.0	P	334.70	M4               	
306.8120700510	+41.0707369296	KZ    Cyg	11.20	 	17.2	P	405.95	M8e              	
309.9420284260	+35.8499876561	LL    Cyg	13.90	<	15.5	P	211.00	                 	
326.5833812255	+48.1196188819	LP    Cyg	12.60	<	17.3	P	419.00	M8               	
295.4779525233	+54.6763618378	V0369 Cyg	 9.80	 	14.9	V	104.76	M4e              	
315.8814454675	+29.9264973308	V0378 Cyg	13.00	<	15.5	P	295.60	                 	
301.5227583058	+48.5765734260	V0394 Cyg	11.50	<	14.7	P	422.00	                 	
300.6895552265	+38.5564330647	V0419 Cyg	13.00	<	16.5	P	226.40	M5               	
298.9078200481	+32.7680482882	V0468 Cyg	12.60	<	16.8	P	485.80	M7               	
315.5011160353	+35.3023216946	V0523 Cyg	11.40	 	17.0	P	373.40	M7e              	
289.7036602960	+48.4421410278	V0540 Cyg	12.40	<	14.8	P	361.00	M5e              	
298.3830982865	+56.6253481553	V0544 Cyg	12.40	<	17.5	P	273.30	                 	
307.8141335217	+54.8625766458	V0564 Cyg	15.00	<	17.5	P	264.40	                 	
295.2958342456	+36.7102120624	V0942 Cyg	13.30	<	17.6	P	442.00	M9               	
297.0595395252	+32.3285285115	V0987 Cyg	14.80	<	17.5	P	403.50	                 	
316.5122667988	+46.2862137247	V1225 Cyg	11.90	<	17.5	B	379.50	M:e              	
323.5099802890	+39.0956191701	V1426 Cyg	10.80	 	13.7	V	470.00	C7,2e(N)         	
324.6220595904	+45.7508662535	V1568 Cyg	11.20	 	14.4	V	495.00	C(N)             	
297.6413440182	+32.9140552010	khi   Cyg	 3.30	 	14.2	V	408.05	S6,2e-S10,4e(MSe)	 97629
303.7297394120	+09.0891669746	R     Del	 7.60	 	13.8	V	285.07	M5e-M6e          	 99802
310.7703525008	+17.0881567340	S     Del	 8.30	 	12.4	V	277.75	M5e-M8           	102246
311.3857437927	+16.4013191481	T     Del	 8.50	 	15.2	V	332.02	M3e-M6e          	
311.9376265396	+19.3340147774	V     Del	 8.10	 	16.1	V	533.51	M4e-M6e          	
313.7255997053	+17.6416662465	X     Del	 8.20	 	14.8	V	281.04	M4e-M6e          	
310.4370969093	+11.8281384593	Y     Del	 8.80	 	16.5	V	468.40	M8e              	
308.1625611496	+17.4511323299	Z     Del	 8.30	 	15.3	V	304.48	S5,2.5e-S7,2e:   	
304.3635331013	+10.1687795521	RU    Del	 9.90	<	14.0	V	260.58	M3               	
306.6164554420	+12.6839156206	RW    Del	11.00	 	16.0	P	237.40	M3-M8            	
307.5450097374	+12.7452045325	RX    Del	 9.70	 	16.0	P	185.63	M2e              	
307.5148478254	+10.2643006585	RY    Del	11.80	<	16.0	P	248.26	                 	
315.0660248935	+13.5734524350	SW    Del	11.10	<	14.0	P	289.40	M7e              	
310.1776295652	+18.9495386169	SZ    Del	11.00	<	16.0	P	235.92	M3e              	
306.6693401550	+12.5023003500	TV    Del	12.70	<	16.0	P	217.00	                 	
308.5508585377	+18.5339038865	AG    Del	10.70	<	15.5	P	239.73	M4               	
313.3129344069	+15.7265178567	BB    Del	11.30	 	15.3	P	245.20	                 	
305.3567355772	+09.5345066585	BD    Del	13.00	<	15.5	P	262.00	M2IIIe           	
311.6747384620	+04.3971603772	BR    Del	10.00	<	12.5	P	336.55	M8e              	
309.8292123032	+19.6937251447	EP    Del	12.00	 	15.5	P	430.50	                 	
309.3893331553	+20.3181044987	FX    Del	12.50	<	15.5	P	331.50	                 	
 71.4568204985	-59.7869145912	T     Dor	10.50	<	14.0	P	168.00	M5IIe            	
 77.5368568136	-64.3178515676	U     Dor	 8.10	 	14.6	P	394.40	M8IIIe           	 24055
 71.8750886587	-55.6849157614	SU    Dor	 8.50	<	14.0	V	235.86	                 	 22256
248.1676079475	+66.7549835177	R     Dra	 6.70	 	13.2	V	245.60	M5e-M9eIII       	 81014
269.0970649745	+58.2183661726	T     Dra	 7.20	 	13.5	V	421.62	C6,2e-C8,3e(N0e) 	 87820
287.4457572566	+67.2967694211	U     Dra	 9.10	 	14.6	V	316.13	M6e-M8           	
269.6100052703	+54.8235388993	V     Dra	 9.50	 	14.7	V	278.33	M4e              	
271.3953534114	+65.9550954583	W     Dra	 8.90	 	15.4	V	278.60	M3e-M4e          	
271.7175976953	+66.1553341215	X     Dra	 8.90	 	15.8	V	257.33	M5e:             	
145.5947285263	+77.8520145530	Y     Dra	 6.24	 	15.0	V	325.79	M5e              	
274.8575737156	+72.6804417036	RT    Dra	 9.60	 	13.8	V	279.41	M5               	
274.8368617941	+59.5396881562	RU    Dra	 9.40	<	13.6	V	297.10	M5e              	
189.4410121476	+65.5560652326	RV    Dra	 8.40	 	14.2	V	208.14	M1e-M3e          	
278.4104918738	+49.3708760382	SV    Dra	 9.10	 	15.0	V	256.24	M7e              	
263.5349586012	+53.9762836354	SY    Dra	10.50	<	14.0	V	391.38	M7e              	
282.8656481157	+48.9326940499	TU    Dra	10.00	<	13.3	V	344.79	M4e              	
285.9968426427	+49.2778948958	XX    Dra	13.00	<	14.2	P	342.12	                 	
290.9880185109	+71.7315139894	YZ    Dra	 8.30	<	14.5	V	347.60	M8e              	
276.9189524686	+49.3092573329	AL    Dra	11.00	 	13.8	P	330.30	M7ea             	 90474
275.5037094745	+69.8361398090	AP    Dra	11.60	<	13.0	P	582.00	                 	
297.8860361959	+67.0623899757	BO    Dra	12.70	<	14.5	P	274.50	                 	
154.4616549302	+73.4204184410	DH    Dra	11.30	 	14.5	V	550.00	N                	
318.2989381524	+12.8239101564	R     Equ	 8.70	 	15.0	V	260.76	M3e-M4e          	
317.2613008547	+09.3727768832	Z     Equ	11.80	 	16.0	P	211.60	M2IIIe           	
317.4640114139	+06.1031551875	RR    Equ	10.80	 	15.7	P	271.30	                 	
 58.8079225576	-24.0323831264	T     Eri	 7.20	 	13.2	V	252.29	M3e-M5e          	 18336
 57.6214214043	-24.9563581237	U     Eri	 8.50	 	14.9	V	274.91	M4e              	
 62.8792710219	-25.1339716760	W     Eri	 7.50	 	14.5	V	376.63	M7e-M9           	 19567
 31.3924473421	-57.1441634177	Y     Eri	10.70	 	13.5	P	302.70	M7e              	  9767
 64.4807006115	-18.5070580604	RS    Eri	 9.20	<	12.8	P	296.00	M7e              	 20045
 53.5519947702	-16.1640727129	RT    Eri	 8.50	 	12.9	P	370.80	M7e              	 16647
 58.2301589325	-09.1686363194	SW    Eri	 9.80	<	14.1	V	400.69	                 	
 73.7916164883	-06.9624043460	SX    Eri	 9.30	<	13.6	V	282.80	                 	
 47.8232985171	-23.6949602710	TW    Eri	11.00	 	15.2	P	322.20	M7               	
 37.3137818129	-26.0987978792	R     For	 7.50	 	13.0	V	388.73	C4,3e(Ne)        	 11582
 56.1119630003	-25.2017004628	U     For	 9.80	<	15.0	V	318.50	                 	
106.8386420102	+22.7035333074	R     Gem	 6.00	 	14.0	V	369.91	S2,9e-S8,9e(Tc)  	 34356
115.7606486315	+23.4495030739	S     Gem	 8.00	 	14.7	V	293.23	M4e-M8e          	
117.3255288888	+23.7343819264	T     Gem	 8.00	 	15.0	V	287.79	S1.5,5e-S9,5e    	
110.7889556558	+13.1013411700	V     Gem	 7.80	 	14.9	V	274.80	M4(S)e-M8        	 35812
101.7793779147	+30.2761949181	X     Gem	 7.50	 	13.8	V	264.16	M5e-M8e(Tc:)     	 32512
101.6464068027	+18.5684241607	RT    Gem	11.00	<	16.0	P	350.40	C:               	
114.7981802742	+34.4834359400	ST    Gem	11.00	 	15.5	P	246.23	M5e-M9e          	
108.2040474203	+14.6010041122	VX    Gem	10.80	<	15.1	P	379.40	C7,2e-C9,1e(Nep) 	 34859
109.1758548564	+26.0457776933	WZ    Gem	 9.00	 	15.0	V	330.80	M3e              	
119.2945288114	+21.4063093332	XY    Gem	11.20	 	15.3	P	340.97	M8:              	
 95.9814624842	+25.0133925600	ZZ    Gem	12.40	 	16.0	P	317.00	C5,3e(Ne)        	
119.2053473513	+31.1246369792	AO    Gem	13.00	<	16.2	P	313.00	                 	
106.1854431560	+09.9307315578	BC    Gem	11.70	 	15.5	P	229.70	M2               	
 99.1491422333	+26.8725426607	BR    Gem	12.60	<	16.2	P	155.80	                 	
 96.2966471643	+24.9221167558	CD    Gem	12.80	<	16.8	P	300.00	                 	
 96.5152269354	+16.7769590797	CE    Gem	14.40	<	17.0	P	299.00	                 	
 90.3958796849	+23.8318659097	DO    Gem	14.80	<	16.9	P	213.00	M5               	
327.1079896815	-46.9089245751	R     Gru	 7.40	 	14.9	V	331.96	M5e-M7II-IIIe    	
336.5228121324	-48.4385431505	S     Gru	 6.00	 	15.0	V	401.51	M5e-M8IIIe       	110736
336.4205257170	-37.5692171982	T     Gru	 7.80	 	12.3	P	136.49	M1Iae-M2Ibe      	110697
241.5488143656	+18.3703571182	R     Her	 8.20	 	15.0	V	318.14	M6e              	
252.9746627566	+14.9418779393	S     Her	 6.40	 	13.8	V	307.28	M4,Se-M7.5,Se    	 82516
272.2758838366	+31.0211681415	T     Her	 6.80	 	13.7	V	164.98	M2.5e-M8e        	 88923
246.4477995435	+18.8924657685	U     Her	 6.40	 	13.4	V	406.10	M6.5e-M9.5e      	 80488
248.8013230597	+37.3452992256	W     Her	 7.60	 	14.4	V	280.03	M3e-M5e          	
260.4264817678	+22.9211209000	RS    Her	 7.00	 	13.0	V	219.70	M4e-M8:          	 84948
257.7001075140	+27.0664053843	RT    Her	 8.50	 	15.5	V	298.08	M4e              	
242.5604797075	+25.0706413676	RU    Her	 6.80	 	14.3	V	484.83	M6e-M9           	 79233
255.1356258869	+31.2230035146	RV    Her	 9.00	 	15.5	V	205.23	M2e              	
269.9398829391	+19.4478678021	RY    Her	 8.30	 	14.1	V	221.47	M4e-M6e          	
279.1958886272	+26.0492580637	RZ    Her	 9.00	 	15.5	V	329.05	M5e-M6e          	
248.2314318903	+06.8582530983	SS    Her	 8.50	 	13.5	V	107.36	M0e-M5e          	 81026
267.2571587442	+22.5396210868	SU    Her	10.50	 	13.0	P	333.80	M6e              	
276.5961403680	+25.0258468889	SV    Her	 9.10	 	15.1	V	238.99	M5e              	
255.3718890414	+22.4774217236	SY    Her	 8.40	 	14.0	P	116.91	M1e-M6e          	 83304
273.6675485164	+31.8188558726	TV    Her	 9.00	 	14.6	V	304.28	M4e              	
251.3920883352	+12.1365458412	UV    Her	 9.50	 	15.0	P	341.95	M6e-M6.5e        	
262.5956395856	+17.9140216042	UZ    Her	 9.60	<	12.5	P	263.74	M5e              	
270.0783151218	+23.5437016769	WY    Her	11.00	 	15.5	P	376.00	M5e-M7e          	
270.3770266409	+18.6779872456	WZ    Her	11.50	 	14.0	P	247.80	                 	
272.5150634515	+18.1070410581	XZ    Her	10.50	 	13.6	P	171.69	M0               	 89018
280.7218023340	+23.0289549874	AE    Her	10.50	 	15.0	P	248.99	M4e              	
253.4366301858	+48.9506508889	AI    Her	10.50	<	14.0	P	407.00	M6e              	
268.9562880770	+42.8399708299	AQ    Her	11.10	<	15.0	P	280.91	M7e              	
249.7160396048	+14.0662034485	AS    Her	 9.90	 	15.3	P	269.14	M2e              	 81506
257.3651193750	+18.6731659200	BG    Her	 9.60	<	12.5	P	347.74	M3e              	
266.9630078250	+26.6661535600	BK    Her	11.70	 	16.9	P	215.00	                 	
282.4276494807	+24.8615252557	BT    Her	14.00	<	16.5	P	297.00	                 	
266.2329083003	+21.4922532614	CF    Her	 9.00	<	13.0	V	306.20	M0               	
272.8929655821	+26.4103122003	CG    Her	13.30	<	16.0	P	180.30	                 	
271.3985680311	+22.4803967074	CZ    Her	12.00	 	18.5	P	322.50	                 	
271.6393959103	+20.2724980382	DF    Her	11.30	<	14.2	P	337.70	M6e              	
276.0664792571	+18.4130340104	DG    Her	11.10	<	13.5	P	293.00	M5e              	
243.0393699649	+10.6072039271	DN    Her	10.50	<	12.5	P	226.00	                 	
247.6469775175	+23.4416068761	DO    Her	10.80	 	16.4	P	216.28	                 	
277.1258967301	+19.8530244525	DR    Her	13.50	<	15.5	P	285.00	                 	
278.3937912900	+16.0996139800	DS    Her	11.00	<	15.5	P	263.43	                 	
278.6617129724	+22.1215846517	DT    Her	14.50	<	15.5	P	300.00	                 	
279.1589026950	+18.0100080300	DU    Her	15.00	<	15.5	P	270.00	                 	
269.1893861558	+25.8627155971	ER    Her	13.00	<	16.0	P	165.00	                 	
270.8960158453	+33.3936032894	EW    Her	12.70	 	17.5	P	228.00	                 	
272.5332423408	+31.3632197058	FI    Her	12.40	<	16.0	P	239.00	                 	
262.2324242834	+18.7162606286	FP    Her	12.70	<	13.7	P	318.40	M4               	
264.2747992209	+18.2180142754	FR    Her	12.00	<	13.5	P	134.23	M2               	
269.6874935595	+23.4227679236	FU    Her	11.20	<	14.6	V	212.40	                 	
271.1738358750	+23.3865119400	FX    Her	12.50	<	14.8	P	354.00	                 	
279.2552024400	+21.0105484800	GI    Her	13.50	<	15.5	P	325.00	                 	
247.3296054343	+34.2220190218	HT    Her	12.60	 	17.0	P	163.15	                 	
259.7152197381	+28.4105612085	KR    Her	12.40	<	15.5	P	135.90	                 	
262.7872352210	+32.4548931726	KT    Her	13.50	<	15.5	P	381.00	                 	
280.8090297000	+12.3927780100	KX    Her	13.20	<	17.0	P	495.00	M8e              	
281.7692858794	+12.3904030869	KZ    Her	12.20	<	17.0	P	295.70	M5IIIe           	
282.9438651902	+12.1675847317	LO    Her	11.60	<	17.0	P	471.00	M8III            	
263.0974608602	+26.2038712189	LU    Her	11.70	 	17.5	P	217.51	                 	
244.2898677300	+25.8552781800	NP    Her	12.20	<	15.5	P	448.00	C6,3e(N)         	
266.3305830951	+19.3630873993	NX    Her	13.20	 	17.1	P	293.60	                 	
275.7060004200	+19.9650731300	V0348 Her	13.00	<	15.0	P	217.00	                 	
 43.4698825206	-49.8896424320	R     Hor	 4.70	 	14.3	V	407.60	M5e-M8eII-III    	 13502
 36.3963089139	-59.5946011865	S     Hor	10.00	<	13.0	P	335.80	M7II:e           	
 45.2171670707	-50.6422004893	T     Hor	 7.20	 	13.7	V	217.60	M5IIe            	 14042
 58.1959491989	-45.8300860774	U     Hor	 7.80	<	15.1	P	348.40	M6IIIe           	
 38.9675420440	-62.5834636217	RS    Hor	 9.80	<	15.0	P	202.85	M3e              	
202.4282592025	-23.2813254406	R     Hya	 3.50	 	10.9	V	388.87	M6e-M9eS(Tc)     	 65835
133.3914468650	+03.0684736279	S     Hya	 7.20	 	13.3	V	256.63	M4e-M8.0e        	 43653
133.9160203108	-09.1414899158	T     Hya	 6.70	 	13.5	V	298.70	M3e-M9:e         	 43835
143.8761117028	-14.6912760012	X     Hya	 7.20	 	13.6	V	301.10	M7e-M8.5e        	 47066
146.2456991203	-24.0210154200	RR    Hya	 8.60	 	14.5	V	343.49	M3.0e-M8e        	
212.8933278789	-28.8854001129	RU    Hya	 7.20	 	14.3	V	331.50	M6e-M8.8e        	 69346
141.1690319435	-06.8330878460	RZ    Hya	 9.20	<	12.5	V	332.54	M4e-M5           	
195.8348438609	-29.1029707569	SW    Hya	 9.80	<	13.0	P	218.80	M2e              	
134.4841326489	-03.3405321607	WW    Hya	10.50	<	15.0	P	310.77	                 	
138.3587283900	-14.3878188400	WX    Hya	 9.50	<	12.5	V	235.78	M3e              	
156.8252783600	-25.5490087008	CZ    Hya	 9.70	<	15.5	P	442.00	Ce(Ne)           	
175.3194098006	-33.7092217668	DN    Hya	11.40	 	14.4	P	182.40	Me               	 57009
192.9822480827	-26.7897684406	EP    Hya	10.80	<	15.5	P	166.00	Me               	
190.0229486306	-26.6641728819	FI    Hya	10.20	 	17.4	P	324.10	M4e(S4,4e)       	
146.6127143541	-17.4866104931	FN    Hya	11.50	<	12.5	P	300.00	                 	
129.6131796602	-16.3353924246	FR    Hya	12.00	<	13.0	P	196.00	                 	
 17.5736746950	-76.8408160100	RS    Hyi	10.00	 	16.0	P	215.50	M3e              	
 23.3918908506	-75.2075128067	RY    Hyi	11.00	 	15.5	P	319.00	M5e              	
339.0015962705	-67.2877653867	R     Ind	 8.20	 	14.6	V	216.26	M2e-M4(II)e      	
314.0969772754	-54.3241306260	S     Ind	 7.90	 	17.0	P	399.95	M6e-M8eII-Ib:    	
322.6183217516	-53.9551864676	X     Ind	 9.00	<	13.0	P	225.85	M4e-M5IIe        	
325.9807163693	-52.7279969775	Y     Ind	 9.80	<	13.0	P	304.18	M6(II))e-M7e     	
329.7601903643	-69.2042056932	RW    Ind	 9.60	<	13.4	V	150.00	M0Ibe-M4(II:)e   	
315.9649400351	-49.4959834897	RZ    Ind	 8.40	<	14.0	V	255.00	Me               	
340.8151975721	+42.3693481317	R     Lac	 8.50	 	14.8	V	299.86	M5e-M8.5e        	
337.2537862846	+40.3155178078	S     Lac	 7.60	 	13.9	V	241.50	M4e-M8.2e        	110972
340.1799078073	+51.8428898286	SZ    Lac	12.80	<	16.5	P	332.50	S                	
331.7964225039	+47.0208577440	AQ    Lac	11.70	 	16.0	P	362.90	                 	
332.6527205128	+46.4738473819	AT    Lac	12.40	 	15.8	P	171.30	                 	
339.2082925372	+45.0013022025	BC    Lac	12.20	 	15.7	P	247.00	M5               	
332.3930532275	+47.2074351274	BN    Lac	13.10	<	15.2	P	331.30	                 	
342.8912835352	+52.3028205903	CL    Lac	12.20	 	15.0	P	413.80	M6.5             	
333.0900481759	+39.4321708607	DH    Lac	11.60	 	14.6	P	288.80	M5e              	109619
329.6206972016	+41.7897979318	DL    Lac	12.50	<	17.0	P	375.00	                 	
146.8895436391	+11.4287931088	R     Leo	 4.40	 	11.3	V	309.95	M6e-M8IIIe-M9.5e 	 48036
167.7099774301	+05.4597630333	S     Leo	 9.00	 	14.5	V	190.16	M3e-M6e:         	
150.0079941260	+21.2623224179	V     Leo	 8.40	 	14.6	V	273.35	M5e              	 49026
163.4059947771	+13.7150998431	W     Leo	 8.90	 	14.8	V	391.75	M5.5e-M7e        	 53265
145.8379820304	+19.8359527674	RS    Leo	10.70	 	16.0	P	208.20	M5e              	
141.3210450407	+29.9798290486	TW    Leo	12.90	<	14.0	P	309.00	Me               	
170.9167801859	+16.8519492664	TZ    Leo	12.00	 	15.0	P	331.50	M8               	
146.3928438485	+34.5118933456	R     LMi	 6.30	 	13.2	V	372.19	M6.5e-M9.0e(Tc:) 	 47886
148.4298804743	+34.9264922615	S     LMi	 7.50	 	14.3	V	233.83	M2.0e-M8.2e      	 48520
 74.9014506770	-14.8062532250	R     Lep	 5.50	 	11.7	V	427.07	C7,6e(N6e)       	 23203
 76.2118514576	-21.9045897354	T     Lep	 7.40	 	14.3	V	368.13	M6e-M9e          	 23636
 79.5835312376	-16.3520453810	X     Lep	10.60	 	16.0	P	278.81	M7e              	
 85.6384513000	-23.6947447778	RT    Lep	10.50	<	12.5	P	399.00	M9e              	
238.4002205956	-16.2363437882	R     Lib	 9.80	 	15.9	V	241.85	M5e              	
230.3499404063	-20.3884461312	S     Lib	 7.50	 	13.0	V	192.90	M1.0e-M6.0e      	 75144
227.6850639450	-20.0199915400	T     Lib	10.20	 	15.6	V	237.50	M4e-M5.5e        	
235.5032618577	-21.1782106387	U     Lib	 9.00	 	15.0	V	226.59	M3e-M8.0e        	
220.0924276522	-17.6575916736	V     Lib	 9.00	 	15.9	V	255.30	M5e-M8.0e        	
234.4729540328	-16.2468148297	W     Lib	10.50	 	15.5	V	205.50	                 	
234.0529932980	-21.1510841215	X     Lib	10.00	 	14.5	V	164.38	M4e              	
227.9221127337	-06.0114893272	Y     Lib	 7.60	 	14.7	V	275.70	M5e-M8.2e        	 74350
239.0987523874	-18.3041268335	RR    Lib	 7.80	 	15.0	V	277.01	M4e-M8e          	
231.0824664400	-22.9110688607	RS    Lib	 7.00	 	13.0	V	217.65	M7e-M8.5e        	 75393
226.6093457685	-18.7323140647	RT    Lib	 8.20	 	14.7	V	251.16	M2.5pe-M8.2e     	
233.3187692397	-15.3263913515	RU    Lib	 7.20	 	14.4	V	316.56	M5e-M6e          	 76152
230.8227620922	-24.0801584779	RW    Lib	 8.84	 	14.3	V	203.31	K5e:-M5.6e:      	
233.8165785759	-23.9441254757	TU    Lib	11.40	 	14.5	P	287.00	M3e              	
240.5280251100	-18.3066869300	UU    Lib	12.00	<	15.0	P	287.00	Me               	
227.0444472628	-21.1667714875	YY    Lib	 9.00	<	12.0	P	229.53	Me               	 74063
234.3763175576	-11.9700590937	CL    Lib	13.00	<	16.0	P	150.00	Me               	
235.9070061450	-09.3771200100	EE    Lib	10.20	<	13.5	P	208.90	M6e              	
219.9994343417	-22.5740020985	EP    Lib	10.80	<	14.0	P	185.78	Me               	
220.8633813581	-20.2148424653	GS    Lib	11.40	<	13.4	P	218.90	                 	
238.3668475705	-36.2993688214	R     Lup	 9.40	 	14.0	V	235.62	M5e              	
223.3723553766	-46.6477876506	S     Lup	 7.80	 	13.5	V	339.73	Se               	
224.8649081540	-54.9380704746	Y     Lup	 8.20	 	15.2	V	396.82	M7e              	
241.2713895236	-34.4382889097	RR    Lup	11.00	<	14.1	P	183.62	M3e-M8(II:)e     	
216.5885866773	-44.1531029060	RW    Lup	 9.90	 	13.0	P	197.00	MB               	 70590
236.6291083701	-48.0564700600	RX    Lup	10.00	<	14.0	P	237.20	M3e-M6II-IIIe-M8:	
228.3258491961	-47.8063007069	AH    Lup	11.20	 	16.0	P	217.00	Me               	
233.4606013385	-41.5520135276	BO    Lup	12.50	<	16.0	P	444.00	                 	
215.7842270523	-42.6793448924	DD    Lup	12.70	 	16.5	P	190.00	Me               	
219.9422253336	-43.2629702894	DY    Lup	12.80	<	16.3	P	434.00	                 	
105.3250318928	+55.3304874947	R     Lyn	 7.20	 	14.3	V	378.75	S2.5,5e-S6,8e:   	 33824
101.1421162955	+57.9110783496	S     Lyn	 8.50	 	14.8	V	296.34	M6e-M8.2e        	
125.6785429217	+33.5192910797	T     Lyn	 8.80	 	13.5	V	406.00	C5,2e-C7,1e(NOe) 	 41058
100.1935563064	+59.8671691506	U     Lyn	 8.80	 	15.0	V	433.60	M7e-M9.5:e       	
124.1952436232	+40.1314318561	W     Lyn	 7.50	 	14.0	V	295.20	M6               	 40546
126.3805838035	+35.4038192421	X     Lyn	 9.50	 	16.0	V	320.80	M5e              	
123.7109153739	+37.6699851042	RT    Lyn	10.50	<	13.0	P	394.60	M6e              	
290.0164277475	+37.8742837369	U     Lyr	 8.30	 	13.5	V	451.72	C4,5e(N0e)       	 95024
287.2689858762	+29.6581705174	V     Lyr	 8.20	 	15.7	V	373.53	M7e              	
273.7328206862	+36.6703393347	W     Lyr	 7.30	 	13.0	V	197.88	M2e-M8e          	 89419
284.9046529659	+34.8954638947	Z     Lyr	 9.20	 	15.3	V	291.70	M4e-M5.5:e       	
288.2912827195	+33.3909991122	RS    Lyr	 9.20	 	15.8	V	301.41	M5e              	
285.3084774994	+37.5198364783	RT    Lyr	 9.10	 	15.2	V	253.70	M5e              	
288.0725051478	+41.2377281568	RU    Lyr	 9.50	 	15.9	V	371.84	M6e:-M8e         	 94354
283.5512090149	+32.8475744664	RX    Lyr	10.90	 	16.0	V	247.82	Me               	
281.2175156144	+34.6753404024	RY    Lyr	 9.00	<	15.6	V	325.79	M5e-M6e          	
288.3146465647	+46.9821316535	SS    Lyr	 8.40	 	14.0	V	346.33	M5IIIe           	 94438
287.4012391673	+43.6364693774	ST    Lyr	10.60	<	18.0	P	300.50	M4IIIe           	
281.4341626217	+36.2843864122	SV    Lyr	12.10	 	15.0	P	301.30	                 	
275.3834183929	+30.4984860244	TV    Lyr	10.00	 	13.9	V	262.31	M4e              	
274.0274940020	+40.6292695058	TX    Lyr	10.40	<	13.0	V	223.35	M2e              	
287.4480414806	+28.0711775460	TY    Lyr	 9.00	 	14.6	V	333.71	M8e              	
283.4496809886	+40.2601053968	WY    Lyr	11.00	<	15.0	P	281.70	M3e              	
285.6143094250	+47.2213248046	WZ    Lyr	10.60	 	15.0	P	376.64	M9e              	
286.9983594300	+25.8256861400	AC    Lyr	13.20	 	17.6	B	181.00	                 	
286.8875623500	+34.8337670400	AD    Lyr	12.00	 	16.0	P	190.70	                 	
279.1720058578	+27.5288853242	AS    Lyr	13.10	 	16.0	P	327.00	                 	
282.7836646157	+27.2681638993	BB    Lyr	14.00	<	17.0	P	322.70	                 	
283.6353570411	+27.3246218612	BE    Lyr	12.30	<	17.0	P	276.50	M2:e             	
284.4668445227	+28.5633505255	BI    Lyr	12.00	<	16.5	P	249.80	                 	
284.8133049540	+30.9558191043	BK    Lyr	11.70	 	16.9	P	251.00	                 	
285.6622999113	+25.8216421376	BL    Lyr	11.50	 	16.9	P	279.07	                 	
285.9933276782	+27.2118095719	BM    Lyr	12.70	 	16.4	P	155.00	                 	
287.2518786770	+30.7449682718	BR    Lyr	13.00	 	17.0	P	216.20	                 	
279.2269080279	+28.0726801682	CE    Lyr	11.70	 	14.5	P	318.00	                 	 91260
279.8982613797	+32.0914475453	CK    Lyr	13.00	 	16.7	P	343.00	                 	
284.5724851222	+31.2445033161	DL    Lyr	13.10	 	20.0	P	411.00	                 	
290.0543336427	+40.2941572719	ER    Lyr	12.00	 	15.5	P	196.60	M5e              	
283.8474365162	+32.8384653057	FF    Lyr	12.90	<	16.5	P	220.80	                 	
290.8220991289	+41.9869540451	FP    Lyr	13.00	<	15.2	P	278.00	                 	
274.1041007001	+46.4644468854	HI    Lyr	12.50	<	14.5	P	182.00	M0e              	
289.4010449890	+42.8506511794	HN    Lyr	10.80	<	14.0	P	406.00	M7IIIe           	
290.0365621299	+41.6831470126	HO    Lyr	11.40	 	14.0	P	100.40	M2e              	 95032
276.4007164331	+31.4779102037	IS    Lyr	13.60	<	17.0	P	281.90	                 	
276.4945536496	+31.4568742824	IT    Lyr	12.50	 	17.0	P	198.70	                 	
278.5765881450	+32.5559574800	KZ    Lyr	13.60	 	17.0	P	149.60	                 	
278.8994028834	+39.5298626297	LM    Lyr	13.20	<	16.8	P	326.40	                 	
280.8991825200	+40.8490527400	MP    Lyr	11.80	 	16.6	P	153.00	                 	
282.8868208331	+40.9472727718	MY    Lyr	13.00	<	15.1	P	379.20	                 	
 90.4588884387	-70.5933956989	RU    Men	12.30	 	15.1	P	171.82	MIIIe            	
310.0124395220	-28.7919970407	R     Mic	 8.30	 	13.8	V	138.62	M4e              	101985
321.6837397467	-29.8513062571	S     Mic	 7.80	 	14.8	V	209.68	M3e-M5.5         	
307.3157195428	-40.4170004219	U     Mic	 7.00	 	14.4	V	334.29	M5e-M7e          	101063
320.9532813858	-40.7014304427	V     Mic	 9.40	 	14.0	P	381.15	M3e-M6e          	105638
320.7915694402	-41.9517075174	W     Mic	10.30	 	15.5	P	198.80	M2e-M4e          	
316.0897024453	-33.3273645844	X     Mic	 9.80	<	14.3	P	239.64	M4e-M5e          	
 95.6815914810	-02.1954169290	V     Mon	 6.00	 	13.9	V	340.50	M5e-M8e          	 30326
104.2172550743	+11.2423283414	Y     Mon	 8.60	 	14.9	V	227.90	M4e-M8.2e        	
109.4027280068	+01.0972258889	RR    Mon	 8.40	 	15.8	V	394.70	S7,2e-S8,2e/M6-10	
106.8263681862	+05.0069103612	RS    Mon	 9.82	<	12.7	V	263.79	M3e-M6e:         	
112.3388147879	-04.2788153249	RX    Mon	 9.60	<	13.0	P	345.70	M6e-M9           	 36394
 99.6814634547	+08.9744415742	RZ    Mon	13.00	<	18.0	P	278.20	M6               	
111.4192661952	-05.8503513371	TT    Mon	 8.00	<	13.5	P	323.17	M5e-M8           	 36043
105.3863249465	+07.5494321946	UZ    Mon	11.70	 	16.0	P	272.90	M2               	
107.3133392001	-02.4061616619	AG    Mon	11.60	 	17.0	P	155.17	                 	
108.1296156320	-01.8184580337	AH    Mon	11.00	 	15.2	P	374.00	M7               	
108.2527637697	-05.3936692071	AL    Mon	12.50	 	18.0	P	243.50	M3               	
108.2308496950	-07.8956779176	AM    Mon	12.10	 	16.5	P	432.00	M10              	
119.7465057419	-04.5013325821	BC    Mon	10.00	<	13.2	P	272.30	M3e              	
120.2255693678	-05.5753625522	BD    Mon	10.30	<	12.4	V	373.26	S5,2e            	
105.8621787000	+05.5300649628	BL    Mon	13.00	 	16.0	P	144.00	                 	
102.8548296824	+05.2325457997	CG    Mon	11.20	 	15.0	P	419.11	C6,2e(N:)        	
103.8876624578	+06.4418719839	CL    Mon	11.00	 	17.5	P	497.15	C6,3e(N6e)       	
104.1026492722	+04.6326861989	CM    Mon	13.00	<	16.0	P	150.00	                 	
104.1621334301	-00.5102412003	CN    Mon	13.00	<	18.0	P	373.60	M7               	
103.1505568235	+08.3858542257	GX    Mon	13.20	<	17.0	P	527.00	M9               	
105.1315451681	+10.5810813101	IY    Mon	11.70	<	16.8	P	338.00	M0               	
103.2565121285	+07.6754887544	QQ    Mon	13.00	<	15.5	P	222.00	M6.5             	
111.6347514400	-03.3652828103	V0467 Mon	12.00	 	14.5	P	 96.00	                 	
177.3875149987	-65.7975885893	TY    Mus	11.90	<	14.5	P	173.00	                 	
233.9889745418	-49.5079603169	R     Nor	 6.50	 	13.9	P	507.50	M3e-M6II         	 76377
236.0160094091	-54.9868087674	T     Nor	 6.20	 	13.6	V	240.70	M3e-M6e          	 77058
248.0308530964	-58.3380294053	RY    Nor	12.70	<	16.5	P	448.00	M7e              	
245.6113358617	-52.3608496807	HY    Nor	11.50	 	15.5	P	236.00	                 	
 81.5257793133	-86.3882660687	R     Oct	 6.40	 	13.2	V	405.39	M5.5e            	 25412
272.1855874708	-86.7987736193	S     Oct	 7.20	 	14.0	V	259.00	M4(II)e-M5e      	
318.5063105817	-82.1093520557	T     Oct	 8.80	 	14.8	V	218.50	M2e-M4(II:)e     	
201.1359154806	-84.2252389676	U     Oct	 7.00	 	14.1	V	308.44	M4e-M6(II-III)e  	
265.2576476510	-86.4663750533	Z     Oct	11.00	 	13.5	P	335.00	                 	
313.9275400447	-74.9728631633	RR    Oct	10.10	<	13.5	P	272.83	                 	
345.2786539748	-87.0530820223	RT    Oct	10.40	 	14.6	P	180.16	Me               	113652
  2.1924688806	-86.1884892903	RU    Oct	10.20	 	15.0	P	373.00	                 	   703
256.9407738834	-16.0927731780	R     Oph	 7.00	 	13.8	V	306.50	M4e-M6e          	
248.5634055933	-17.1608751112	S     Oph	 8.90	 	14.7	V	233.51	M5e              	
248.4314490469	-16.1317241632	T     Oph	 8.80	<	14.2	V	366.82	M6.5e            	
246.6821097944	-12.4266174593	V     Oph	 7.30	 	11.6	V	297.21	C5,2-C7,4e(N3e)  	 80550
245.3532686100	-07.7007469800	W     Oph	 9.30	 	14.9	V	332.68	M8e              	
279.5880635099	+08.8340892387	X     Oph	 5.90	 	 9.2	V	328.85	M5e-M9e          	 91389
259.8838170275	+01.5150567406	Z     Oph	 7.60	 	14.0	V	348.70	K3ep-M7.5e       	 84763
252.2625733417	-19.4665676207	RR    Oph	 8.00	 	14.9	V	292.03	M3e-M7           	
269.1309281949	+11.1679174579	RT    Oph	 8.60	 	15.5	V	426.34	M7e(C)           	
263.2193348283	+09.4235668794	RU    Oph	 8.60	 	14.2	V	202.29	M3e-M5e          	
274.1538979986	+03.6931515862	RY    Oph	 7.40	 	13.8	V	150.41	M3e-M6e          	 89568
254.4624641958	-02.7617900406	SS    Oph	 7.80	 	14.5	V	180.64	M5e              	
256.2374443829	-12.2014682736	UX    Oph	 9.40	 	13.6	V	116.71	M4e              	 83582
261.8581121150	+04.2275090922	VW    Oph	10.50	 	14.0	P	285.00	M5e              	 85429
261.4570901616	+12.5792931553	AI    Oph	12.00	<	16.6	P	420.00	                 	
263.5443549224	+03.0506185174	AO    Oph	12.50	<	14.5	V	217.00	                 	
274.7267102639	+06.2529227235	AY    Oph	11.50	 	19.0	P	195.27	                 	
274.5299647255	+06.9382694681	BC    Oph	10.70	 	15.3	P	307.11	M6e              	
254.4115732429	-27.8398751171	DO    Oph	14.50	<	16.5	P	234.00	                 	
254.4083425403	-26.7852135683	DP    Oph	13.60	<	16.5	P	213.40	                 	
267.0100639050	-00.6859779000	KT    Oph	11.50	<	15.3	P	216.60	                 	
271.2682756650	+02.7681178700	KU    Oph	11.70	<	16.3	P	382.50	M4IIIe           	
255.1134733685	-12.2625920462	PR    Oph	11.20	 	14.5	P	233.00	Me               	
267.4491483600	+03.2779121000	V0379 Oph	12.60	<	16.1	P	221.50	                 	
269.2395689553	+05.8779409932	V0389 Oph	11.30	<	16.0	P	315.10	                 	
273.7374053606	+04.8506503125	V0405 Oph	12.50	 	17.5	P	340.00	                 	
270.2557381839	+03.5494282385	V0416 Oph	14.00	<	16.1	P	152.00	                 	
275.1098374716	+12.6569910000	V0450 Oph	10.90	 	14.1	V	158.30	                 	
266.8126307400	+03.0781532800	V0457 Oph	12.90	 	16.1	P	190.00	                 	
253.3206035892	-04.9397346875	V0504 Oph	11.50	<	15.0	P	206.00	M4IIIe           	
258.7715573866	-09.9525954201	V0505 Oph	13.00	<	14.3	P	322.00	M7e              	
276.3673706154	+11.6614792315	V0578 Oph	12.40	 	17.5	P	180.00	                 	
276.7798394519	+10.2350763810	V0584 Oph	13.10	<	17.0	P	276.00	                 	
276.8203511229	+09.0158667629	V0588 Oph	13.10	<	16.5	P	191.50	                 	
277.2303927572	+06.9682629886	V0596 Oph	14.50	<	17.0	P	277.00	                 	
279.6900595044	+11.0877883726	V0653 Oph	13.30	<	17.0	P	276.00	                 	
246.6958083160	-09.8702640174	V0705 Oph	12.00	<	16.0	P	308.70	                 	
249.4298229350	-05.1138682003	V0732 Oph	12.10	 	15.6	P	471.00	M3IIIe           	
264.6179581785	+04.6558987500	V0799 Oph	14.30	<	16.6	P	430.00	                 	
264.5402562620	+08.3234621954	V0800 Oph	12.60	<	16.6	P	265.00	                 	
275.6826717749	+09.7789141399	V0884 Oph	12.50	<	17.0	P	210.00	                 	
275.7754775837	+08.5064926608	V0885 Oph	13.10	<	16.2	P	350.30	Me               	
276.6276342258	+09.1269881076	V0890 Oph	12.30	 	19.0	P	316.30	                 	
275.3951130818	+04.1313086700	V0915 Oph	11.00	 	16.2	P	111.09	Me               	
272.6557857118	+04.5717997951	V0958 Oph	15.10	<	17.0	P	303.00	                 	
 74.7523383736	+08.1304820111	R     Ori	 9.05	 	13.4	V	377.10	C8,2e(Ne)        	 23165
 82.2537256594	-04.6924357906	S     Ori	 7.20	 	14.0	V	414.30	M6.5e-M9.5e      	 25673
 88.9548834305	+20.1751940318	U     Ori	 4.80	 	13.0	V	368.30	M6e-M9.5e        	 28041
 76.5143551865	+04.1024398690	V     Ori	 8.90	 	14.7	V	263.70	M3e-M8.0e        	
 85.3908764700	-04.1312907500	Y     Ori	11.50	<	16.0	P	271.30	M3e-M5           	
 90.7610277158	+16.3777696144	RR    Ori	 9.10	<	14.7	V	251.78	M6.5e-M8         	
 82.9824566378	+07.6135617351	BK    Ori	 9.20	 	14.0	P	354.20	M7e              	
 72.8418793566	+14.5480373517	BR    Ori	11.00	 	15.5	V	159.20	                 	
 86.1473104468	+10.3570246469	CL    Ori	11.50	 	15.8	P	215.00	M2e              	
 93.1630179875	+08.4618744481	EK    Ori	13.30	<	16.9	P	148.00	                 	
 72.7387123477	+03.1423211344	EP    Ori	10.50	 	13.0	P	358.50	M10e             	 22535
 78.7614532746	+03.4985048994	EU    Ori	10.50	<	13.6	P	327.54	M4               	
 83.0863383898	-10.6226661493	FP    Ori	11.00	<	12.5	P	146.00	Me               	
 80.9948047950	+14.5836588100	GV    Ori	12.40	<	16.5	P	313.00	                 	
 86.4246649691	+12.3434939108	QS    Ori	12.00	<	16.5	P	476.00	C7,4e(N)         	
 93.9655729273	-01.0314211051	V0345 Ori	 9.50	<	14.0	P	331.50	M3               	
 95.0155885200	+17.6087133647	V0382 Ori	13.20	 	17.2	P	225.60	M9:              	
273.2206108375	-63.6159062077	R     Pav	 7.50	 	13.8	V	229.46	M3e-M5(II)e      	 89258
297.6811682381	-71.7714602804	T     Pav	 7.00	 	14.0	V	243.62	M4e              	 97644
267.6122528723	-62.4091583924	W     Pav	 8.10	 	14.6	V	283.35	M4e-M7e          	
304.4124530659	-60.0719503333	SU    Pav	 8.60	<	14.2	V	245.30	M4(II)e-M6II-IIIe	
268.0000853502	-57.8661295267	SY    Pav	11.30	<	14.3	P	193.70	M1e              	
289.9892800836	-67.1164290207	BL    Pav	10.40	 	13.3	P	134.70	Me               	
300.0460536263	-69.8818472635	BQ    Pav	10.90	<	14.0	P	112.00	                 	 98447
302.3201124767	-57.3317387004	BR    Pav	 9.80	 	15.3	P	246.13	                 	
346.6631906941	+10.5433525390	R     Peg	 6.90	 	13.8	V	378.10	M6e-M9e          	114114
350.1359010157	+08.9189324614	S     Peg	 6.90	 	13.8	V	319.22	M5e-M8.5e        	115242
332.2262296698	+12.5400211562	T     Peg	 8.40	 	15.4	V	379.40	M6e-M8e          	
330.2583420306	+06.1202584660	V     Peg	 7.00	 	15.0	V	302.35	M3e-M7e          	
349.9604247327	+26.2787975665	W     Peg	 7.60	 	13.0	V	345.50	M6e-M8e          	115188
320.2493878559	+14.4501209142	X     Peg	 8.80	 	14.4	V	201.20	M2e-M5e          	
332.9068861841	+14.3648777053	Y     Peg	 8.90	 	16.0	V	206.93	M3e-M5e          	
  0.0273302604	+25.8864528181	Z     Peg	 7.30	 	13.6	V	334.80	M6e-M8.5e(Tc)    	     8
326.0972561732	+25.0000369397	RR    Peg	 8.50	 	14.9	V	264.05	M4e-M8e          	
333.0673800243	+14.5533923383	RS    Peg	 8.20	 	14.7	V	415.40	M6e-M9e          	109610
331.0372082382	+35.1236562544	RT    Peg	 9.40	 	15.4	V	215.00	M3e-M6e          	
336.4063355394	+30.4723366897	RV    Peg	 9.00	 	15.5	V	396.80	M6e              	
346.0478895807	+15.3033162119	RW    Peg	 8.80	 	14.6	V	208.43	K3e-M6.5e        	
331.4707360787	+33.5069948811	RZ    Peg	 7.60	 	13.6	V	438.70	C9,1e(Ne)(Tc)/CSe	109089
338.4930590763	+24.5649954668	SS    Peg	 8.00	 	13.6	V	424.80	M6e-M7e          	111385
320.6376579417	+21.9617402212	SW    Peg	 8.00	 	14.0	V	396.33	M4e              	
342.6034446451	+17.8934774299	SX    Peg	 9.70	 	15.0	P	303.60	S3,9e-S4.5,9e    	112784
326.2691577163	+12.6986101094	TU    Peg	 8.20	 	14.6	V	321.60	M7e-M8e          	107390
321.6510639528	+16.5938257361	TV    Peg	 9.00	<	14.0	V	247.10	M0e              	
317.2391485511	+16.0220400997	TZ    Peg	10.10	<	14.0	P	211.90	M3e              	
322.7673185541	+11.1536803194	UU    Peg	11.10	<	14.0	P	456.50	M7e              	
330.6373914771	+02.3679223021	VY    Peg	11.00	<	16.0	P	377.00	                 	
329.1800198579	+36.3874280949	WW    Peg	11.60	<	13.9	P	354.00	M1               	
322.3466738815	+18.0967310022	AP    Peg	10.50	<	14.0	P	300.18	M5e              	
318.2552014588	+18.9414348054	AS    Peg	10.20	 	15.0	P	329.76	M2e-M6:          	
330.9427976613	+14.0160644571	DG    Peg	10.40	 	14.5	V	146.60	M4e              	
357.0935830650	+15.6562300300	DL    Peg	 9.70	<	15.0	V	180.40	M0               	
357.9733770460	+29.7537190658	DU    Peg	11.00	<	15.0	P	161.30	M5e              	
321.7531819625	+13.3265709017	FM    Peg	12.60	 	17.1	P	302.00	Me               	
 52.5130066628	+35.6712891344	R     Per	 8.10	 	14.8	V	209.89	M2e-M5e          	
 29.8963464588	+54.8222241406	U     Per	 7.40	 	12.8	V	320.26	M5e-M7e          	  9306
 51.9266339895	+44.1767999078	Y     Per	 8.10	 	11.3	V	248.60	C4,3e(R4e)       	 16126
 37.1225098249	+51.2714327847	RR    Per	 8.10	 	15.1	V	389.62	M6e-M7e          	
 22.4175856368	+50.8269362467	RZ    Per	 8.70	 	14.0	V	355.25	S4,9e            	
 49.9865059384	+33.1436780729	TW    Per	10.60	<	13.5	P	335.14	M2e              	
 30.6415715659	+58.0904292154	TY    Per	10.60	 	15.0	V	364.65	M6               	
 45.4598711830	+48.4570352860	AL    Per	11.50	 	15.5	P	145.00	                 	
 45.6794005649	+48.3652428415	AM    Per	13.30	 	16.0	P	250.00	M3               	
 28.7811014420	+54.2107457510	BZ    Per	13.70	 	17.8	P	298.60	                 	
 37.9687683620	+56.8968155903	DT    Per	13.80	 	20.0	P	228.90	                 	
 58.3147875421	+47.6130992004	FG    Per	14.00	 	20.0	P	340.30	                 	
 47.9717929564	+41.6281062605	GG    Per	12.20	 	15.8	B	277.84	                 	
 48.6477949198	+33.3045879697	KM    Per	13.00	<	14.0	P	193.34	                 	
 47.4175755820	+45.9810571261	V0409 Per	 9.60	 	11.1	V	355.00	N                	
 29.6294203060	+55.2163488264	V0437 Per	11.40	 	14.4	V	470.00	N                	
359.1148224467	-49.7868366435	R     Phe	 7.50	 	14.4	V	269.26	M2(II)e-M4(III)e 	
 19.9691352502	-55.9178416274	W     Phe	 8.10	 	14.4	V	333.95	M5e-M6e          	
 77.7385303593	-48.5070762140	S     Pic	 6.50	 	14.0	V	428.00	M6.5e-M8III-IIe  	 24126
 78.7744471673	-46.9180097840	T     Pic	 7.90	 	14.4	V	200.58	M6IIIe           	 24468
 22.6597012921	+02.8815933993	R     Psc	 7.00	 	14.8	V	344.50	M3e-M6e          	
 19.3939228832	+08.9312962235	S     Psc	 8.20	 	15.3	V	404.62	M5e-M7e          	
 20.7452536463	+12.8681563543	U     Psc	10.30	 	14.9	V	173.10	M4e              	
 14.9435685089	+27.9456993049	W     Psc	11.40	 	14.8	P	188.10	M2e-M4           	  4652
 18.0282179475	+22.2240714011	X     Psc	 9.80	<	15.0	P	349.60	M5e-M6e          	
  0.2606950500	+06.4567557100	RR    Psc	12.10	<	16.0	P	270.60	                 	
 21.4133114487	+21.3961507201	RX    Psc	 8.80	 	14.6	V	280.54	M1e              	
334.5008149752	-29.6038400625	R     PsA	 8.30	 	14.7	V	297.60	M3(II)e-M5IIe    	
330.9409807363	-28.0511524896	S     PsA	 8.00	 	14.5	V	271.70	M3e-M5IIe        	
324.6744871353	-27.2095029860	RV    PsA	10.50	<	13.0	P	361.00	                 	
333.3040564212	-27.2713584176	RX    PsA	10.50	<	11.5	P	366.00	Me               	
120.2103852359	-12.8414318578	U     Pup	 8.50	 	15.0	V	318.44	M5e-M8e          	
116.4889889190	-42.1955482815	W     Pup	 7.15	 	13.6	V	119.70	M1e-M6e          	 37893
113.1585831742	-20.6580805985	Z     Pup	 7.20	 	15.3	V	508.60	M4e-M9e          	 36669
100.6183653844	-42.3713162978	RV    Pup	 9.30	 	13.0	P	187.96	M1e-M9           	 32115
 92.2705461086	-50.1687184619	RW    Pup	 8.80	 	14.5	V	340.88	M3e-M6e          	
119.0503350722	-44.1425727411	SU    Pup	 9.30	<	14.0	P	339.80	M(S4,2)e         	 38772
124.3193658440	-13.8084656032	SV    Pup	 9.00	<	13.1	P	166.52	M5e              	 40593
112.5137422031	-13.2648333519	TZ    Pup	12.00	 	15.8	P	317.00	M7               	
113.8414473193	-13.2749087674	UU    Pup	11.80	 	15.5	P	282.00	M3               	
115.4576912754	-16.6219984642	UW    Pup	13.00	<	16.0	P	422.00	                 	
122.4158664790	-38.1746122075	AS    Pup	 9.00	 	12.8	P	324.65	M7e-M9           	 39967
119.7025122641	-19.2121246968	BZ    Pup	12.80	<	16.5	P	264.00	M5               	
118.6077310795	-28.0946213889	ET    Pup	10.60	<	15.8	P	330.40	M8               	
122.5816017509	-23.0469387650	FL    Pup	12.20	<	16.0	P	236.00	                 	
123.8357004437	-24.9763836657	FO    Pup	13.30	<	16.0	P	318.00	Me               	
131.3779376263	-28.2007778726	R     Pyx	10.40	 	15.1	B	364.70	C(R)e            	 42975
136.2699067057	-25.0876705064	S     Pyx	 8.00	 	14.3	V	206.10	M3e-M5e          	
139.7571877531	-25.2671926422	Z     Pyx	12.20	<	16.0	P	237.00	Me               	
 68.3868007146	-63.0291661814	R     Ret	 6.50	 	14.2	V	278.46	M4e-M7.5e        	 21252
289.8848388042	+17.2053056051	W     Sge	 8.80	 	14.4	V	278.26	M4e-M6.5         	
298.3445230272	+18.2550302221	Y     Sge	13.60	<	16.2	P	146.00	M4               	
301.7801126727	+18.1859588460	RT    Sge	12.60	<	16.2	P	299.28	                 	
298.1579247185	+19.1027725276	RW    Sge	13.00	<	16.4	P	444.90	M4               	
299.2483854029	+18.9065737787	RX    Sge	13.00	<	16.5	P	439.00	M6.5             	
300.6958895020	+19.2431436449	TX    Sge	13.50	 	16.2	P	156.70	                 	
297.2438895000	+18.9408726226	AF    Sge	13.20	<	15.8	P	256.00	M5               	
301.2534754559	+19.3924184790	BM    Sge	13.50	 	18.0	P	312.00	                 	
301.3754915116	+20.4626726111	BN    Sge	12.50	<	15.9	P	315.00	                 	
303.5539091657	+17.7135692776	CO    Sge	12.50	 	15.5	P	190.50	M5e              	
304.3428880967	+18.4681425982	CS    Sge	13.00	<	16.7	P	351.00	                 	
287.8390866747	+17.8454846331	KK    Sge	 6.30	 	12.1	I	438.00	M7               	
289.1741475971	-19.3076811106	R     Sgr	 6.70	 	12.8	V	269.84	M4e-M6e          	 94738
289.8599445900	-19.0254913975	S     Sgr	 9.50	 	16.0	V	230.64	M3e-M4.5e        	
289.0601756959	-16.9714061349	T     Sgr	 7.10	 	12.9	V	394.66	S4.5,8e-S5.5,8e  	 94706
289.9292793211	-20.9361938933	Z     Sgr	 8.40	 	16.0	V	450.41	M4e-M9(Se)       	
298.9851367442	-29.1900281997	RR    Sgr	 5.40	 	14.0	V	336.33	M4e-M9e          	 98077
304.4318619285	-39.1127791115	RT    Sgr	 6.00	 	14.1	V	306.46	M5e-M7e          	100033
299.6786311779	-41.8493563714	RU    Sgr	 6.00	 	13.8	V	240.49	M3e-M6e          	 98334
276.9836653623	-33.3247938258	RV    Sgr	 7.20	 	14.8	V	315.85	M4e-M9           	 90493
288.6872192819	-18.8092363968	RX    Sgr	 9.00	 	14.4	V	335.23	M5e              	
285.3716899436	-12.7594611874	ST    Sgr	 7.20	 	16.0	V	395.12	C4,3e-S9,5e      	
291.4636013826	-20.1608616504	TT    Sgr	10.60	<	17.7	P	332.80	M4e-M6e          	
296.0473575640	-41.8574619062	TV    Sgr	10.00	<	13.5	P	266.25	M7IIIe           	
288.3538579964	-21.5494123253	TW    Sgr	 9.10	<	13.5	V	220.63	M2e-M3e          	
291.1812503754	-39.3007696887	UU    Sgr	10.00	<	14.0	P	267.82	M6:e             	
289.4323571829	-17.4791360464	AL    Sgr	10.50	 	14.7	P	 78.26	                 	
290.6790742029	-32.1340720140	AM    Sgr	10.30	 	14.0	P	 95.00	Me               	
294.6277011300	-36.3726417400	BM    Sgr	10.50	<	13.0	P	402.70	M3e-M5e          	
275.0843910118	-32.2082972950	BR    Sgr	11.30	 	17.4	P	302.80	M4e              	
284.5098611928	-22.5755375243	BU    Sgr	12.00	<	16.0	P	313.00	M3e              	
289.6278910318	-19.0706796493	DF    Sgr	13.10	 	16.0	P	125.10	                 	
285.5235302680	-17.2516094886	DW    Sgr	10.80	<	13.7	P	174.50	Me               	
288.6526024870	-16.0957773472	EH    Sgr	12.90	<	16.0	P	232.00	                 	
288.9560293816	-11.8743649781	EK    Sgr	12.50	<	14.5	P	238.00	Me               	
270.2080019900	-34.6676950499	FT    Sgr	11.50	 	17.0	P	250.90	Me               	
279.0349488481	-30.5438571157	IW    Sgr	11.50	<	16.3	P	345.20	M8e              	
280.8496176518	-31.3629288612	KU    Sgr	13.20	 	15.6	P	138.23	Me               	
283.3454453550	-26.3394012800	OP    Sgr	12.50	 	16.5	P	303.00	Me               	
283.3700055874	-24.2421335982	OQ    Sgr	13.00	 	16.0	P	281.00	Me               	
283.5851078519	-27.0618846885	OU    Sgr	12.80	 	16.5	P	279.30	Me               	
283.7249129708	-30.7487826110	OV    Sgr	12.90	<	15.6	P	226.00	Me               	
285.8919285777	-26.9750176910	QY    Sgr	11.10	<	15.8	P	192.00	Me               	
287.0936746290	-31.5692871504	V0338 Sgr	12.20	<	16.2	P	176.00	Me               	
271.0997012150	-35.7525576008	V0585 Sgr	13.40	<	17.5	P	225.60	Me               	
272.4112198067	-36.0730745325	V0635 Sgr	13.40	<	16.5	P	241.00	Me               	
273.5689225497	-36.1448394885	V0679 Sgr	13.60	 	17.9	P	226.00	Me               	
274.1673746173	-34.7257374756	V0711 Sgr	13.50	 	18.6	P	146.79	Me               	
274.4367857438	-35.3225434017	V0717 Sgr	13.50	<	17.3	P	227.66	Me               	
285.0340617531	-18.2528211365	V0733 Sgr	11.20	 	14.4	P	100.90	                 	 93293
268.9051731585	-29.1093303946	V0745 Sgr	12.00	<	17.0	P	380.20	Se(M)            	
267.8880518999	-23.1691270614	V0764 Sgr	13.00	<	17.0	P	267.40	M4e              	
270.0303909674	-29.1683699572	V0788 Sgr	15.10	 	18.5	B	199.50	                 	
278.6416196793	-32.5717457339	V0912 Sgr	11.90	 	18.4	P	219.25	Me               	
281.2133277876	-34.8777764037	V0916 Sgr	13.10	 	17.0	P	199.00	Me               	
282.2320953527	-36.7118167328	V0917 Sgr	11.50	 	16.5	P	205.00	                 	
276.2432896771	-31.4849302465	V0929 Sgr	12.60	 	18.3	P	194.50	M4e              	
277.5815711285	-30.9614272814	V0932 Sgr	12.70	 	17.5	P	225.00	M6e              	
277.7674962634	-31.1780447743	V0933 Sgr	11.30	 	16.5	P	281.40	M8-9e            	
278.0409206212	-31.1965737304	V0935 Sgr	11.10	 	17.5	P	239.80	M5e              	
279.2194305820	-36.0894590915	V0942 Sgr	12.60	 	18.0	P	193.50	Me               	
279.2372295119	-32.6836529815	V0943 Sgr	12.60	 	18.1	P	171.40	Me               	
279.5484393202	-29.9698441319	V0947 Sgr	11.40	 	16.6	P	145.30	Me               	
280.7064513343	-31.1996951493	V0953 Sgr	12.80	<	15.9	P	229.00	Me               	
280.8092174188	-34.1112105335	V0956 Sgr	13.10	<	17.2	P	258.00	Me               	
281.5168381657	-34.3101884987	V0959 Sgr	13.50	<	17.0	P	267.00	                 	
282.5040643200	-31.5441517060	V0963 Sgr	10.70	<	17.0	P	261.30	                 	
293.4200101848	-32.2142093125	V0983 Sgr	10.70	 	16.5	P	209.00	                 	
284.4088537916	-16.5555836225	V1042 Sgr	12.10	 	16.2	P	293.50	Me               	
285.3427903793	-22.6740694315	V1058 Sgr	13.40	<	16.1	P	235.00	Me               	
285.9639858450	-17.8318234700	V1070 Sgr	13.50	<	16.5	P	282.00	Me               	
291.2694567879	-18.1901886956	V1143 Sgr	12.80	 	16.6	P	236.00	Me               	
286.0094827901	-25.4113241865	V1238 Sgr	13.10	<	14.4	P	210.00	                 	
288.1551480861	-23.1391498578	V1256 Sgr	12.10	<	14.7	P	402.00	                 	
272.6185351350	-26.8644057800	V1280 Sgr	12.00	<	16.1	P	523.00	C6-7,3(N)        	
270.6756587915	-29.9080220962	V1371 Sgr	16.10	<	18.4	P	180.00	M(3-6)           	
270.7443390500	-30.2416767535	V1402 Sgr	15.70	<	19.0	P	232.00	M3:              	
270.8788746600	-29.8279488600	V1432 Sgr	14.50	<	19.0	P	197.35	M4e              	
270.9288975538	-29.9351589226	V1442 Sgr	17.10	<	19.7	P	240.00	M6-M7            	
271.0533007007	-30.0675678725	V1511 Sgr	16.30	<	19.0	P	240.00	M3/6-M7          	
271.1492205532	-29.9234003217	V1528 Sgr	17.70	<	19.0	P	344.00	                 	
271.1784549071	-30.2634287950	V1531 Sgr	16.20	<	19.0	P	180.00	M7:              	
271.1492205252	-29.9234003217	V1543 Sgr	15.60	<	18.6	P	211.00	M3-4e            	
273.0426711559	-27.9618127360	V1577 Sgr	10.60	 	16.6	P	284.00	Me               	
279.5967890327	-32.6392983172	V1634 Sgr	11.70	 	17.0	P	280.00	Me               	
280.1691146374	-28.4326133794	V1637 Sgr	11.30	<	17.0	P	248.00	Me               	
276.6911732046	-21.1277611319	V1661 Sgr	13.60	 	16.0	P	273.00	M8               	
278.2556496331	-20.9112009017	V1683 Sgr	12.00	 	16.2	P	216.50	M7               	
274.2535883064	-32.7803470635	V1838 Sgr	12.90	 	17.5	P	159.80	Me               	
274.5953863191	-32.9246833610	V1841 Sgr	13.00	 	17.7	P	291.60	Me               	
274.6412066170	-32.7188387719	V1843 Sgr	13.30	 	18.1	P	305.00	Me               	
275.0669386366	-32.4665785554	V1854 Sgr	13.40	<	19.0	P	245.90	Me               	
275.5924090361	-35.5237532106	V1861 Sgr	12.30	 	17.2	P	257.20	Me               	
275.9366571539	-33.2498448033	V1869 Sgr	12.60	 	18.6	P	332.00	Me               	
276.0835843834	-30.7258781957	V1872 Sgr	13.10	 	16.7	P	176.00	Me               	
276.2566610628	-36.1992932012	V1873 Sgr	14.10	<	19.0	P	247.70	Me               	
276.3287261364	-33.7590532282	V1874 Sgr	12.80	 	17.3	P	194.10	Me               	
276.8871619567	-35.7255100939	V1880 Sgr	12.20	 	17.8	P	268.70	Me               	
277.2938830276	-32.1373823150	V1889 Sgr	13.30	 	18.1	P	148.82	Me               	
278.0491536219	-26.4423034797	V1901 Sgr	12.30	 	16.1	P	142.60	                 	
278.8566304121	-35.0138959433	V1912 Sgr	13.00	<	17.1	P	411.20	Me               	
279.1504579019	-32.5066066979	V1915 Sgr	13.50	<	17.6	P	233.80	Me               	
280.2994346239	-32.7429050740	V1924 Sgr	13.00	 	17.6	P	174.30	Me               	
280.3672433392	-23.9427200243	V1926 Sgr	13.50	<	16.2	P	308.00	M8               	
280.7036554650	-32.6988567900	V1928 Sgr	13.00	<	15.6	B	201.86	Ke-Me            	
281.3663221867	-32.1219353238	V1932 Sgr	13.40	<	16.2	P	264.00	Me               	
270.6717254513	-23.4011208960	V1950 Sgr	 7.00	 	14.2	I	400.00	M                	
275.0500719533	-23.5351973981	V1964 Sgr	14.00	<	16.3	P	235.00	M7               	
280.5512747391	-32.1841828519	V2028 Sgr	12.60	 	18.7	P	210.63	                 	
283.4651749421	-23.2932419201	V2062 Sgr	13.40	<	16.0	P	246.00	                 	
285.8831687429	-22.3441101400	V2102 Sgr	13.50	<	16.0	P	293.00	                 	
288.9166818708	-22.2784139374	V2129 Sgr	13.20	<	16.0	P	229.00	                 	
269.5658299016	-29.1732022500	V2418 Sgr	14.90	 	17.9	P	147.00	                 	
269.5910376106	-29.2276673911	V2419 Sgr	15.60	<	18.3	P	160.00	                 	
269.6225814695	-28.9573439908	V2421 Sgr	16.80	<	19.5	P	245.00	                 	
269.9613279779	-28.9748045439	V2463 Sgr	16.10	<	18.9	P	215.00	M7               	
270.0218918904	-29.0497456494	V2467 Sgr	16.90	<	18.5	P	240.00	                 	
269.9613279779	-28.9748045439	V2471 Sgr	16.10	<	19.2	P	217.67	                 	
270.0218918904	-29.0497456494	V2472 Sgr	16.40	<	18.9	P	290.00	                 	
270.0748376460	-29.2588295394	V2477 Sgr	16.90	<	18.8	P	275.00	M8               	
270.1416049251	-28.8659780349	V2488 Sgr	16.20	 	18.2	P	260.00	                 	
270.2747046451	-29.2191962976	V2499 Sgr	15.60	<	18.9	P	250.00	M7               	
244.4127994546	-22.9445542626	R     Sco	 9.80	 	15.5	V	224.61	M(3)e            	
244.4175065190	-22.8932447118	S     Sco	 9.50	 	15.5	V	177.92	M(3)e            	
242.9091677754	-20.1198999574	W     Sco	10.50	 	15.4	V	221.27	                 	
242.1323468623	-21.5316486358	X     Sco	10.20	 	15.0	V	199.86	M2e              	
241.5029376000	-21.7332155183	Z     Sco	 8.70	 	13.4	V	343.03	M5.5e:-M7e       	 78872
254.1576635509	-30.5800502099	RR    Sco	 5.00	 	12.4	V	281.45	M6II-IIIe-M9     	 82912
253.9075465730	-45.1029801039	RS    Sco	 6.20	 	13.0	V	319.91	M5e-M9           	 82833
255.8796655452	-36.9218871832	RT    Sco	 7.00	 	15.2	V	449.04	S7,2(M6e-M7e)    	
265.6050514156	-43.7503720786	RU    Sco	 7.80	 	13.7	V	370.75	M4/6e-M7II-IIIe  	
258.6827064953	-33.4038849269	RW    Sco	 8.80	 	15.5	V	388.45	M5e              	
241.1505579941	-24.1001775762	RZ    Sco	 8.00	 	12.8	V	156.60	M3e-M4e          	 78746
261.3405509255	-43.8322152757	SW    Sco	10.80	<	13.0	P	260.86	M4e              	
268.3582077067	-34.3995361133	SY    Sco	10.50	<	15.0	P	234.90	M6e              	
256.9330803737	-31.8113874304	TU    Sco	10.10	<	13.0	P	373.04	M7IIe-M9         	
244.9224307047	-23.3749897026	VZ    Sco	11.00	 	15.5	P	217.70	Me               	
246.8194679381	-31.2615201171	WW    Sco	10.60	<	14.7	P	431.00	M6e-M9           	
250.2940621445	-27.4720520114	ZZ    Sco	12.00	<	17.0	B	209.30	Me               	
265.5320392317	-39.2391640914	FX    Sco	12.00	 	16.4	P	264.00	M1e              	
269.7573558253	-42.3807961031	KS    Sco	11.40	<	16.3	P	429.00	M2e              	
268.1060618700	-35.0582575900	V0407 Sco	12.80	<	16.5	P	396.00	Se               	
269.3105882948	-37.4757247396	V0438 Sco	11.10	 	16.2	P	392.00	M3e              	
  3.8427774443	-32.0452746291	S     Scl	 5.50	 	13.6	V	362.57	M3e-M9e(Tc)      	  1236
  7.3005275882	-37.9085246054	T     Scl	 8.47	 	13.5	V	202.42	M3-M6e           	  2286
  2.1553710982	-39.2184455610	V     Scl	 8.70	 	15.0	V	296.10	M4e-M6e          	
282.0846276417	-12.0791169825	V     Sct	12.00	<	16.0	P	252.90	M3IIIe           	
282.9189011219	-12.9476664596	ST    Sct	11.50	<	15.0	P	219.50	M4e              	
283.3926274768	-14.2041575406	SV    Sct	12.00	 	15.4	P	310.00	Se               	
281.1875737636	-09.2253293056	AA    Sct	12.40	 	15.3	P	264.70	M4-M6            	
282.7488731403	-06.7724523115	AI    Sct	12.90	 	16.0	P	408.00	C8,2e            	
277.8876271201	-15.4957001597	V0424 Sct	10.00	 	15.5	I	468.00	                 	
237.6739026150	+15.1336372679	R     Ser	 5.16	 	14.4	V	356.41	M5IIIe-M9e       	 77615
230.4147246440	+14.3147482061	S     Ser	 7.00	 	14.1	V	371.84	M5e-M6e          	 75170
277.2799293978	+06.3108445797	T     Ser	 9.10	 	15.5	V	338.12	M7e              	
241.8235879761	+09.9312565265	U     Ser	 7.80	 	14.7	V	237.50	M3e-M6e          	 78976
239.0714756854	+09.0795631401	RU    Ser	11.60	<	13.8	P	280.00	                 	
233.0753671200	+03.6184700972	WW    Ser	11.40	<	15.8	P	365.80	M8e              	
231.9333501701	+19.6049992108	WX    Ser	12.00	<	16.0	P	425.10	M8e              	
239.8356563431	+19.7798015471	AH    Ser	10.00	 	13.7	V	283.50	M2               	 78307
240.2392788150	+02.1758072000	BC    Ser	10.00	<	14.0	P	245.00	M3e-M5e          	
235.9032261776	-01.7104590418	BG    Ser	11.00	 	15.0	P	143.00	M6e-M8e          	 77027
261.6566398061	-14.5843429676	CU    Ser	13.00	<	16.0	P	263.50	                 	
265.6942210417	-13.3808672522	CY    Ser	11.60	<	16.0	P	289.20	M3IIIe           	
276.0593506752	+05.1692900175	DK    Ser	11.40	 	18.0	P	264.80	M7III            	
272.3380742029	-15.3524253542	GR    Ser	10.10	 	13.4	I	239.00	                 	
158.7335213270	-00.3426297242	S     Sex	 8.20	 	13.7	V	264.90	M2e-M5e          	 51791
 67.0750049306	+10.1624308540	R     Tau	 7.60	 	15.8	V	320.90	M5e-M9e          	
 67.2973519915	+09.9472245868	S     Tau	 9.20	 	16.2	V	374.50	M6.5e-M9e        	
 73.0095908619	+17.5379538103	V     Tau	 8.50	 	14.6	V	168.70	M0e-M4.5e        	
 88.1020894447	+15.7977185001	Z     Tau	 9.20	 	14.2	V	466.20	S7.5,1e(M7e)     	
 88.1664595208	+15.9843094281	RU    Tau	 9.70	 	15.3	V	544.60	M3.5e-M6.5       	
 69.5606821136	+08.3358899164	RX    Tau	 9.10	 	14.8	V	331.80	M6e-M7e          	 21600
 60.6798440232	+16.6489011607	TZ    Tau	10.30	 	14.0	V	269.00	M9               	
 66.4415933054	+16.5776784492	VX    Tau	 9.80	<	15.0	V	298.90	M8e              	
 77.0670293122	+21.9261545312	WX    Tau	12.00	<	13.5	P	191.00	M                	
 56.2336133259	+30.3734118067	AG    Tau	12.40	<	15.0	P	206.40	                 	
 60.6934493672	+21.0524582187	AK    Tau	11.80	 	15.8	P	241.56	M5e              	
 67.8290428418	+17.6215447106	V0718 Tau	10.20	 	14.3	V	405.00	C2:e(Ne)         	
303.6865466100	-46.9608569200	R     Tel	 7.60	 	14.8	V	461.88	M5IIe-M7e        	
287.0094014692	-48.9034013910	U     Tel	10.60	<	13.0	P	445.00	M7e              	
297.6408018300	-50.0132122800	W     Tel	 9.60	<	12.6	P	303.90	M5e-M8(III:)e    	
304.6965937778	-52.6178345876	X     Tel	10.40	 	14.0	P	309.80	M5e              	100137
287.0293774888	-48.2644509075	RU    Tel	10.10	<	13.8	P	271.00	M2e-M4e          	
291.9150074979	-45.8753824649	SW    Tel	11.00	 	14.0	P	229.70	M4e              	 95676
282.3450593439	-49.8609239132	BH    Tel	11.80	 	16.8	P	210.00	M0e-M2(Ib)pe     	
286.9800251156	-50.0568363331	BM    Tel	10.70	 	17.5	P	415.00	Me               	
305.2603467809	-56.1839311204	BQ    Tel	10.00	 	16.3	P	290.00	M5e              	
 39.2597520868	+34.2642629625	R     Tri	 5.40	 	12.6	V	266.90	M4IIIe-M8e       	 12193
 36.8313515256	+32.7396813764	S     Tri	 8.90	<	12.4	V	241.60	M2e              	 11423
 29.2271825105	+33.9869889155	T     Tri	10.00	<	14.0	V	324.00	M8e              	
253.6948269241	-65.2018746226	Z     TrA	 9.80	<	12.5	P	150.55	M3e-M5IIe        	
245.3988184679	-61.4322578112	RS    TrA	10.10	<	11.5	P	436.40	Me               	
249.6030745584	-68.5323361376	RU    TrA	 9.80	<	13.5	P	326.50	M4e              	
  5.7820197059	-61.6714016749	S     Tuc	 8.20	 	15.0	V	240.71	M3e-M5II-Ibe     	
340.1395007151	-61.5537645732	T     Tuc	 7.50	 	13.8	V	250.30	M3IIe-M6IIe      	111946
 14.3047551962	-75.0001129376	U     Tuc	 8.00	 	14.8	V	264.80	M3e-M7e          	
 13.2489899472	-69.8862020300	TZ    Tuc	11.20	<	17.7	P	239.92	M0e-M3Iab:e      	
335.5793462775	-60.8706965933	UU    Tuc	10.40	 	13.6	P	335.00	M4e              	110451
161.1602953314	+68.7757617028	R     UMa	 6.50	 	13.7	V	301.62	M3e-M9e          	 52546
190.9861531061	+61.0931946404	S     UMa	 7.10	 	12.7	V	225.87	S0,9e-S5,9e      	 62126
189.0978007089	+59.4869406496	T     UMa	 6.60	 	13.5	V	256.60	M4IIIe-M7e       	 61532
130.2062186773	+50.1366509433	X     UMa	 8.10	 	14.8	V	249.04	M3e-M4e          	
201.4849652097	+62.3810815937	RR    UMa	 8.60	 	14.2	V	230.58	M4e              	
189.7397646524	+58.4834092001	RS    UMa	 8.30	 	14.9	V	258.97	M4e-M6e          	
175.4177023061	+38.4748014574	RU    UMa	 8.10	 	15.0	V	252.46	M3e-M5e          	
232.3940474818	+78.6334144404	S     UMi	 7.50	<	13.2	V	331.00	M6e-M9e          	 75847
203.6711560019	+73.4314125412	T     UMi	 7.80	 	15.0	V	301.00	M4e-M6e          	
214.3329470510	+66.7942219164	U     UMi	 7.10	 	13.0	V	330.92	M6e-M8e          	 69816
257.9988488660	+83.8540444261	Y     UMi	11.20	<	14.0	V	293.00	                 	
225.8105559154	+83.0741279946	Z     UMi	11.00	<	14.0	V	475.00	                 	
153.8117995623	-54.4783264315	W     Vel	 8.30	 	14.0	V	394.72	M5-M8IIIe        	 50230
142.2559224128	-52.1816736586	Y     Vel	 8.00	 	14.2	V	449.90	M8e-M9.5         	 46502
148.2261883142	-54.1799477756	Z     Vel	 7.80	 	14.8	V	411.40	M9e              	
140.9386896391	-48.8667046586	RS    Vel	 9.10	<	12.6	P	409.50	M7e              	
157.5950154557	-46.6296944651	RT    Vel	10.50	<	12.0	P	141.00	M7e              	
140.0809226805	-49.5251515442	RW    Vel	 8.90	<	13.1	P	443.10	M7III(II)e       	
158.6426415721	-54.1955654026	TV    Vel	11.00	<	15.0	P	365.20	Ce(R8e)          	
162.5996221766	-48.6734300979	WW    Vel	10.80	 	14.0	P	187.40	M5e              	 52988
162.2493832534	-54.1817566237	WX    Vel	11.20	 	14.2	P	411.50	M5e-M7IIIe       	 52887
163.0371820265	-57.0206015442	AG    Vel	13.00	<	16.0	P	245.00	                 	
152.7565014651	-50.5046377140	CF    Vel	10.30	 	15.5	P	245.00	Me               	
165.2553383325	-54.4115521765	CI    Vel	11.00	 	13.5	P	142.50	M0e              	 53853
148.0252911517	-49.5288140511	DY    Vel	11.10	<	16.0	P	315.00	M7e              	
189.6247252695	+06.9886226343	R     Vir	 6.10	 	12.1	V	145.63	M3.5IIIe-M8.5e   	 61667
203.2504650096	-07.1947291285	S     Vir	 6.30	 	13.2	V	375.10	M6IIIe-M9.5e     	 66100
183.6194119216	-06.0045096711	T     Vir	 9.00	 	14.8	V	339.47	M6e              	
192.7739042226	+05.5532164347	U     Vir	 7.40	 	13.5	V	206.64	M2e-M8e:         	 62712
201.9505849368	-03.1729979651	V     Vir	 8.10	 	15.0	V	250.08	M3e-M6e          	
188.4951433447	-04.3923027718	Y     Vir	 8.30	 	15.0	V	218.43	M2e-M5e          	
212.5894310753	-13.3052476492	Z     Vir	 9.90	 	15.1	V	305.71	M5e              	
211.2213175800	-09.1947581900	RR    Vir	10.70	 	15.6	V	217.52	                 	
216.8182951421	+04.6780907674	RS    Vir	 7.00	 	14.6	V	353.95	M6IIIe-M8e       	 70669
191.8267163055	+04.1448220987	RU    Vir	 9.00	 	14.2	V	433.20	C8,1e(R3ep)      	 62401
196.9999098318	-13.1648386217	RV    Vir	10.20	 	15.1	V	265.87	M5e              	
181.3116250555	+12.3605718889	SU    Vir	 8.40	 	14.5	V	208.60	M2e-M5.5e        	
180.0867033649	-10.1847959410	SV    Vir	 9.30	<	12.5	P	295.33	M4e              	
209.6566062696	-04.5758560417	SY    Vir	 9.60	 	13.4	V	236.65	M6:              	
215.4646341081	+03.9094227787	AO    Vir	10.50	 	13.0	P	254.61	M2e-M4e          	 70209
217.1261932756	+07.2935440174	AP    Vir	12.40	<	14.0	P	330.00	M3               	
221.6258886900	-07.2802522700	AQ    Vir	11.00	 	15.8	P	292.80	M5e:             	
195.1718616249	-17.6465634335	BZ    Vir	 9.50	<	13.0	P	150.92	M5e              	 63501
213.9354200651	-05.8687715521	CF    Vir	11.00	<	14.0	P	227.60	M5e:             	
106.3269738845	-72.9904875719	R     Vol	 8.70	 	13.9	V	453.60	C(N)e            	
112.4398187702	-73.3788895219	S     Vol	 7.70	 	13.9	V	394.80	M4e              	 36423
104.4497471203	-67.1238259132	T     Vol	 9.70	<	13.9	P	175.00	M5II-IIIe        	
119.4606360134	-65.2980138911	X     Vol	10.30	<	13.0	P	280.00	Me(S7,2)         	
316.0937576706	+23.8216811978	R     Vul	 7.00	 	14.3	V	136.73	M3e-M7e          	104015
300.9925387109	+21.6836058543	RW    Vul	12.00	 	15.0	P	208.55	M6.5             	
313.2491788621	+23.3711168425	RX    Vul	11.00	 	15.0	P	457.00	M9e              	103069
309.1489951010	+22.8992476746	SZ    Vul	12.00	<	16.5	P	253.60	                 	
291.4984714350	+26.4097228900	XY    Vul	12.00	 	17.0	P	288.60	M6e-M6.5         	
295.9699106932	+27.7555800162	YZ    Vul	10.70	 	17.3	P	376.87	M5e-M9           	
309.3031752604	+26.4985320360	BD    Vul	 9.30	 	12.7	V	430.00	C6-7,3e(Ne)      	
284.4062398350	+23.4351407900	BY    Vul	13.90	<	17.0	P	305.00	                 	
317.2365998616	+27.8957440371	CI    Vul	12.00	<	14.5	P	317.70	                 	
299.4600170796	+23.6188946781	DE    Vul	13.80	<	16.5	P	298.00	M8               	
290.3267059120	+20.1173320556	OR    Vul	10.80	 	14.0	I	365.00	M9               	
290.6008361340	+20.0625075069	OW    Vul	 9.20	 	14.0	I	375.00	M6               	

